# Resource object code (Python 3)
# Created by: object code
# Created by: The Resource Compiler for Qt version 6.9.3
# WARNING! All changes made in this file will be lost!

from PySide6 import QtCore

qt_resource_data = b"\
\x00\x00\x06\x06\
<\
?xml version=\x221.\
0\x22 encoding=\x22UTF\
-8\x22?>\x0a<!-- Syste\
mImgKit applicat\
ion icon (revisi\
on 4 \xe2\x80\x94 Lucide \
package-minus).\x0a\
     Brand-blue \
rounded square w\
ith a white \x22pac\
kage-minus\x22 glyp\
h (a parcel\x0a    \
 box with a minu\
s sign) from Luc\
ide (ISC license\
, free for comme\
rcial\x0a     use).\
 The box = a sys\
tem image / app \
package; the min\
us = removing\x0a  \
   contents (deb\
loat). Modern ap\
p-icon conventio\
n: solid color t\
ile + a\x0a     sin\
gle white glyph,\
 legible down to\
 16 px.\x0a     Gly\
ph source: https\
://unpkg.com/luc\
ide-static@1.45.\
0/icons/package-\
minus.svg\x0a     @\
license lucide-s\
tatic v1.45.0 - \
ISC -->\x0a<svg xml\
ns=\x22http://www.w\
3.org/2000/svg\x22 \
viewBox=\x220 0 128\
 128\x22 width=\x22128\
\x22 height=\x22128\x22>\x0a\
  <!-- soft shad\
ow -->\x0a  <rect x\
=\x2214\x22 y=\x2216\x22 wid\
th=\x22100\x22 height=\
\x22100\x22 rx=\x2224\x22 ry\
=\x2224\x22\x0a        fi\
ll=\x22#000000\x22 opa\
city=\x220.08\x22/>\x0a  \
<!-- brand tile \
(accent blue, ma\
tches the in-app\
 c.accent #2A6CF\
6) -->\x0a  <rect x\
=\x2214\x22 y=\x2212\x22 wid\
th=\x22100\x22 height=\
\x22100\x22 rx=\x2224\x22 ry\
=\x2224\x22\x0a        fi\
ll=\x22#2A6CF6\x22/>\x0a \
 <!-- Lucide pac\
kage-minus glyph\
, scaled to the \
tile (24\xe2\x86\x9284, c\
entered),\x0a      \
 stroke recolore\
d to white, stro\
ke-width slightl\
y heavier for sm\
all sizes -->\x0a  \
<g transform=\x22tr\
anslate(22 22) s\
cale(3.5)\x22\x0a     \
fill=\x22none\x22 stro\
ke=\x22#FFFFFF\x22 str\
oke-width=\x221.7\x22\x0a\
     stroke-line\
cap=\x22round\x22 stro\
ke-linejoin=\x22rou\
nd\x22>\x0a    <path d\
=\x22M12 22V12\x22/>\x0a \
   <path d=\x22M16 \
17h6\x22/>\x0a    <pat\
h d=\x22M21 13V8a2 \
2 0 0 0-1-1.73l-\
7-4a2 2 0 0 0-2 \
0l-7 4A2 2 0 0 0\
 3 8v8a2 2 0 0 0\
 1 1.729l7 4a2 2\
 0 0 0 2 .001l1.\
675-.955\x22/>\x0a    \
<path d=\x22M3.29 7\
 12 12l8.71-5\x22/>\
\x0a    <path d=\x22m7\
.5 4.27 8.997 5.\
148\x22/>\x0a  </g>\x0a</\
svg>\x0a\
\x00\x00\x07L\
\x89\
PNG\x0d\x0a\x1a\x0a\x00\x00\x00\x0dIHDR\x00\
\x00\x000\x00\x00\x000\x08\x06\x00\x00\x00W\x02\xf9\x87\
\x00\x00\x00\x09pHYs\x00\x00\x0fa\x00\x00\x0fa\
\x01\xa8?\xa7i\x00\x00\x06\xfeIDATh\x81\xed\
\x99{pT\xd5\x1d\xc7?\xe7\xde\xbd\xbb\x9b\x00\xc1`\
 \x89S\x10\x81\xb4!A!\x0c\x95\x16\xac-\xe9\xcc\
*\x90\x14$ju\x86\xb6\xb4\x05\x04y\xb5\xc5X(\
\xc2(T\x06\x0b\xe5\xa5\xb4T\xea\x04\x05[`4\x9a\
\x86\x81\x08S\x10\xc1\xe1eH\xa7\xd3\xf0\xa6HbB\
!\x0fIh\x96\xec\xde\xbd\xf7\xf4\x8fM6$\xecn\
\xf6n\x16\xa63\xf2\x9d\xd9\xd9\x9d{\xcf\xf9\xfd\xbe\xdf\
\xf3\xfb\xfd\xcek\xe1.\xee\xe2\xab\x0da\xa5\xf1\xa09\
2\xc1\x81\xfb\xbbR\x8a\xfe \xef\x8d1\x95:!\xe4\
\xe7\x1e\xe2\x0f\x9c\x7f]4F\xdc+\x92F\x83\xe76\
\xa7\x09\xd3\x5c\x06L\x02\xb4h)F\x08\x1d(\x94\x8a\
\xb2\xf8\xd4z\xe7\xb9\xce\x1aw* c\xce\x8d)H\
\xf9'\xc0\x1e\x0bv\x16\xe0\x15RL/\xdf\x10\xf7v\
\xb8FJ\xb8\x97\x83g5\xcdD\xca\x02\xee<y\x00\
\xbb\x14rs\xc6\xec\xa6\x19\xe1\x1a\x85\x8c@\xfa,\xf7\
\xb7\x15\xc1A@\x8d95k0L\xc9wNo\x88\
?\x1c\xece\x88\x08H\xa1\x08V\xd3\x05\xf2\xaa\x02\x03\
S\x04\x03S\x04j\xd88G`J\xb0\x1ad\xd0\xc1\
\x0e\xfap\xc8\xec\xa6\x11&\xe2x4\xde\x14\x01\xb9\x0f\
\xab\xcc\xcb\xd1H\xbe\xc7o\xbe\xa6Q\xb2\xe6o:\xc5\
\xc7\x0cL\x19\x8dU0\x159\xe2\xf4\xfan\xa5\xb7\xf8\
\x0b\xda\x18r\xa2q\x925@a\xdb\x0b\x0e\x96O\xb6\
\x93|\x8f@J\x90\x12z'\x08\x96O\xb6\xb3\xed\x05\
\x07Y\x03\xa2\x0b\x87b\x92\x1b\xec\xb9-\xd8Ci\x9a\
\xe9B\x89<{\x1e\xea\xaf0s\xac\x8dG3\xda\xfa\
|x\xd4`\xfdN\x1d\x80\xb99\x1a\x13G\xaad\xf6\
S\xd8\xfaK\x07\xbbO\x18\xac.\xd2\xa9\xae\x8f<\x1c\
R\x9a\xdf\x88X\x00\xc8\x94H\x8c\xc6;`\xaaKc\
\xba\xcb\x16\xc8\xc5\x7f]2Y\xbaC\xa7\xbc\xc2\x0c\xb4\
[\xb4\xd5\xcb_>QX\x98\xa7\x915@a\xecp\
\x95\xec\x07U\x0a\xf6\xf9xk\xaf\x8e\xdb\x13\x91\x82\xd4\
`\x8f\x83\xc6StR\xbc\x8a\x80\x09#Uv-q\
\xf2\xdcM\xe4\x01\x06\xa6*\x8cNWpvX\xee\xca\
+L~\xb4\xd6\xc3\xfc\x02/\xd5\xf5\x12\x87\x063\x1e\
\xb3\xb1k\x89\x93\x09#U\x94NV\xa4P\x9c\x82v\
\xcb\x98\xd9p\x08U\x1b\x1d\xec\xdd\xfd\xbd\x05+\xa7\xd8\
\xc9\xec\xe7\xd7~\xc3\x0b\x7f\xde\xabS\xd7(\x99=^\
#)\xc1o\xb2\xba^\xf2\xfb\x22\x9d\x8f\xca\x0cd\x87\
Lqj\xf0\x93l\x1b\xd3\x5c\x1aq\xf66\x81\xf9\x9b\
\xbd\x5c\xaa\x09\x91V\x86\xfe\xe9\xc9?\xf6|\xa4K\x02\
\x1eNS\xf8\xc3\x0cG\xc0\xe9\x87G\x0d\xd6\x15\xeb\x5c\
m\xf0;\x8dw\xc04\x97\xc6\x94l\x1b\xf6\x96\xe4<\
q\xc1d\xc5\xfb:\xe5\x95fGs\xf4\xe9)\x98\x97\
\xeb\xaf\x8f\xd6\xc1x~\xa3\x87c\xe7nm\x1bJ\x80\
\xa5)a\xf1\xd3\xf6\xb6\x11\xab4yg\xbf/@\x1e\
\xc0\xed\x81u\xc5:9\xcb\x9a)9a\x000|\xa0\
\xc2\xf6|\x07\xafN\xb6\xd3\xa7g\xfb\xf1\xba\xda \xd9\
\xf2\xb1/ .\xce\xee\xf7a\x05\x96\x04$vo\xfb\
\x9d\xd9W\xe1\xbd_;x\xf9\x19\x8d^=\xda\x13\xab\
\xaa\x97\xcc/\xf0\xf2\xe3\xb5\x1eNV\x9a\x08\x01\x13[\
jf\xba\xcb\x86S\x83^=\x04\xaf<\xab\xf1\xde\x8b\
\x0e2\xfb*A}\xc4\x5c\x80h\xe1\xb9n\xa7\x8fs\
\x97M\x14\x01O\x8d\xb6\xb1{\x89\x93)\xd96\xb4\x0e\
eVz\xc1\xe4\x87+=\xbc\xf4\xae\x97\xdaFI\x9c\
\x1d\xe6\xe5j\xec\xff\xad\x93\xbd/;yr\x94\x0d!\
\xe0l\xb5\xc9\xba\x9d\xbev>n\x8b\x80V\x9c\xa92\
\xc9[\xe1a\xd9\x0e\x9dkM\x92\xeeN\xc8\x7fB\xa3\
h\x91\x93\xef\x0dQ\xdb\x910%|p\xc4`\xfc\xb2\
f\xf6\xfc\xc3_\xd0\x09\xf1\x02\xa7\x1d\xae5I\x96n\
\xd7y\xf25\x0fg\xaa\x82\xe4\xfd\xed\x12\x00`\x98\xb0\
\xed\xa0\x8f\xb1K=\xbc\xb3\xdf\x87a\xfag\xa8\x0d\xcf\
\xd9y\xf3y\x07\x83R\xdbL\xa7\xa5*\xac\x9d\xea\xc0\
5\xcc/NJ(\xfb\xb7\xc9\xe3\xafx\xd8~\xc8\xdf\
7Z\x84X\xc8\x22G\xa3[\xf2Z\xa1\xce\x8eO}\
\xbc\xf8\x84\xc6\xa3\x99*\xa3\xd2\x15\x0a\x178\xf8\xfb?\
\x0d\x04\xf0\xfd\xa1m\xf3\xfc'\xe5\x06\xbf+\xd4\xb9x\
5\xcaMQ\x07tY@+.^\x91\xcc\xdc\xe8\xe5\
\x91\x0c\x95\x05\x934\x1eH\x16\xb8\x86\xa9\xed\xde\xaf(\
\xd49t\xd2\x88\x95K \x86\x02Zq\xe8\xa4\xc1\xc4\
3\x06\xd3\x5c6f\x8f\xf3/\xc7o\xec\xd2\xd9\xb4\xc7\
\x87/\xb6\xdc\x81.\xd4@8\xf8\x0c(<\xdc\xc6\xb6\
\xf0\xb0\xd1)y\xb7G\xb6|[\xf3\x15\xf3\x08D\x8b\
\xcf\xce\x9b\xcc/\xf0r\xf1\x8a\xb5\xda\xf8\xbf\x11 %\
\x81\xd5\xdb\x0anK\x0a\xddIX\x8a@\xeb|\x1d\xdf\
\x85;\x8a\x11\x83\x14\xc6<\x18\xfe\xb0t\xe5\x9ad\xeb\
\xc7\xbe\x88\x8e\x9f\x96\x04\x94^0q\x0dS\x995N\
\xa3\xa2V\xb6;\xb4D\x8a\x97\x9e\xd6HK\xed<\xf0\
\xa5\xe7\xcd\xa0;\xd8\x8e\xb0$`\xe5\x07:\x0f\xdd\xaf\
\xf0@\xb2`G\xbe\x83\xa2\xa3\x06ko\xdaNG\x82\
\x8d%>\x1e\xcf\x0a\x1f\x81\xff\x5c\x93\x9c\xad\x8elp\
,\x09\xa8\xae\x97\xfc\xecuO\xe0@3a\xa4\x8a+\
Ke\xd3\x1e\x9d\xb7\xf7\xf9h\xd6;\xb7Qr\xc2\x88\
\xaaXC!\xf8\xad\x84\xe0z\xa8\x0e\x97j$\xcf\xac\
\xf2\xf0\x9b-^jZv\x98ss4v.v2\
v\xb8jy7\x19)Bq\x0a\x9e\x8c\x86\xefrX\
c\x12\x8a\x8e\x19\x8c[\xda\xcc\xc6\x8f|xtHM\
\x14\xac\xfa\xa9\x9d-\xbfp\x04\x8e\x9b7#\xb3\x9f\xc2\
\x82<\x8d\xfe}\xa2T\x18\x82S\xd0d\xbc7kN\
\x92b\x8b\xffAg6u\x03\x8e\x9d5)>n\x90\
\x94 H\xbbO!5Q\xf0\xd4h\x1b)\x89\x22\xb0\
#MI\x14,\xcc\xd3\x18\xda_\xc1\xa6\xc2\x81r\xeb\
\xc5oz\x1b\xde\xa8+[S\xd6\xf1y\xd0\x08\xb8/\
\xed\xd9-\x917\x225^]/\xc9\xdf\xece\xf2\x1a\
O`fz\xec\xa6Bm\xfd]^i\xf2\xee\x01\x9f\
E\xea\x80\x94nw\xc5\xde\x92`\xafB\xc5\xd3\xf6\xf5\
\xa9_\xac\xb09{\xcd\xb7\xeaK\x11\x90\xfbM\x95_\
Mh\xbb\xa1\xa8i\x90\xac)\x8e\xfej\xd1\xf0\xd4\xad\
:\xb3\xa9\xefB\xe0\x16\xf5!\x132i\xf0\xf4\xd4\xde\
cV\xee\x12\x8a6\xcc\xbaK\xff\xe5\xee\x88A\xfe\x00\
\x7fv\xde\x8c\xfa\xd0\x22M\xbd\xacf\x7f\xfe\xf8\xdaS\
oF^\x03\x00\xee\xda\xd2f\xb5[\xea\xc1\xf8\xa4\xa1\
c\x10Jo\xcb\x8e%T\xd5I\xaa\xea\xe4-\xf7B\
\x11\xc3\xf4\x9d\xfa\xf2\xd4[\xcf^=\xbe\xbc\x02\x08:\
\x04\xe1V\x14\xb3\xe9\xf3\x92F]\xff\xb2\xa8[\xea\xa8\
d\xa1:\x86`\xf1?\xb5.@\x9a\xde\xeb\x7f\xbd|\
d\xd1\xcfk\x8f\xbcZ\x09xC5\x8c\x84\x90\x03\xe8\
\xd1/\xa70=\xee\xbeo\xe5)\xb6\xee\xd9BQ\xbf\
\x06\xa2W\xcc\xe8\x02 \xeb\xa5i|a\xfa\xfe\xbb\xef\
F\xf5\x91\xf7+vN:\x0d\x5c\x07\xc2\x9e\x10\x22\x1d\
Q\x15\x88\xc7/\xe6N\xc0\x03\xb8\x81N\x97l\xab)\
!\xf0\xffK\xa9\x10\xfb\xad\xb8\xd9\xf2\xd1\x81\xd8\x9c\xf8\
\xef\xe2.\xbe\x02\xf8\x1f_b\xa2\xb6\xfe\x85\x07\xf4\x00\
\x00\x00\x00IEND\xaeB`\x82\
\x00\x00\x03\x16\
\x89\
PNG\x0d\x0a\x1a\x0a\x00\x00\x00\x0dIHDR\x00\
\x00\x00\x16\x00\x00\x00\x16\x08\x06\x00\x00\x00\xc4\xb4l;\
\x00\x00\x00\x09pHYs\x00\x00\x0fa\x00\x00\x0fa\
\x01\xa8?\xa7i\x00\x00\x02\xc8IDAT8\x8d\xd5\
\x94[H\x15A\x18\xc7\x7f\xb3\xb3\xe7\x9c\xca.\x0f\x0a\
E\x91\x15T\x90\xa4\x15QQ\x94\xa0\x05\x89\x22\xdd)\
\x14B\x0a\xca\xb2\x9e\x22\x92\xecB\x173\x8a\x84\x90\xb2\
\x9e\x8a \x8a\xca\xb7\x8a\x22\x08*\xed\xf2P`\x17+\
Q\xb0\xb4\x0bhw;\x9d=\xbb;\xd3\xc3q\x8f\xda\
Y-|\xeb\x0f\x0b\xdf|3\xdfo\xbe\xfdf\xe6\x83\
\xffM\xe2OG\xda\xd6\xf0J\xb4\xde\x08\x22\x03\x08\xfd\
%\xde\x02\xfd\x14!N7T\x0d\xb9\xd2'8\xad\xe4\
g9B\xec\x1cP\x8aZ\x1fj8\x91T\x96\x00N\
\xdb\xdc9\x1d\xc3x\xe2\xf7\x17\x83\x83\x90;S\x02p\
\xfd\xb1\xcb\xaf\xa8?Z\x085\xe3E\xd5\xd0z\x00\xc3\
\xf3*\x9c\x9c?\xa1\xd2\x805\x0b$\xd7v\x0f\x22+\
]\x92\x9d\x11\xb3\xf3gI\x8c\x84\xed\x11\xcaqr\xbc\
\x81\x19\xf7j&\xf6\x5c5m\xbc\xc1\x9e\xd5\x01&\x8f\
6\xb8U\xef\xb2\xf7\x82\xcd\x8f_\x9a\xd9\x93\x0cJW\
\x04(\xc849\x5ccS\xdf\xa2z\x86M\xf2\x8cx\
\xc6h\x1d\xcf\xe1@a\x90\xea\xe2 \x17\xee\xb9,\xde\
\x17!\xea\xc0\xf5=!V\xcf7y\xdc\xacXu\xc4\
\xa2\xe6\x81Kuq\x90\x03\x05A\xfc\x18\xdd\xe0\x1e\xca\
N70\x0c\x98\x9a*\x88\xd8Pz.J\xc9\xe9(\
K\xe6H\xae\xec\x08\x91\x9d!I\x1f'\x90R\x90\x95\
\xe1\x8b\xf0\x07\x03\x14VFq\x5c\xb8\xba+DQ\xb6\
\xc9\xcbVE\xd1q\x8b\xd7\xef4\x95\xeb\x82\x84LA\
\xc11+\xf1\xa4\xbbd\xf6\xe1\xe7[Xs\xf0\xb2\xcd\
\xc5Z\x97\x1d\xcb\x03\x14\xe7\x98\x08!x\xda\xa2XV\
a\xd1\xf4A\x912\xbc/l?`OM\x1f\x14\x1b\
NZ\x1c-\x8a\xd5r\xfb\xd9(Z\xc7\xe6\x5c\x05\xb6\
;@0\x80\xd6\xf0\xb6]\xc7mO_:5y\xfb\
#\xff\x0e\x0e[0r\x84\xa0\xe3\xbbN\x98\x0bHX\
\xb7\xc8\xc4\x94\xdde\xb8\xfb\xc2\xe5\xd9\x9b^\xd7\xce\xff\
\xf0\xce\xdev\xa8\xde\x14d\xe5<\x13\xe9\xb3\xc20b\
\x8f\xc7\xfb|\x1eKw\xc6Z;\x9fEW\xcf9\x7f\
\xc7\xe1\xf9\x1bE\xe9\x8a\x00\x85\x99\x92\x8a\x1a;\x1e0\
&Yp\xea\x86\xd3\xab$qi\xe7S\x02\x18\x15y\
\x08I\xf1a}\x8b\xa2\xb0\xd2\x22w\xa6\xe4\xf0\xda \
\x11;V\xdf\xa5s$\xf9\x07#\xfc\xb4|\xb8n\xe4\
\xa1gK\xcf\xe8\x88\xb45\xa7\xa4\xe6.\x14\x8696\
\xbe\x10h|\xaf\xb9T\xe70b\x88\xa0\xf9\xa3f\xdb\
\x99(a\x9f&\xa4]\xeb\xfe\xab\xda-e\xb47\xb8\
\xbd\xc0\xb47\xb8\x83F\xa5\xdd\x0c$MH\x1520\
\x85\x1e\x0d\xc9q\xe1Q\xa3\xe2Q\xa3\xc2I\xbc^Z\
\xd9\xe1\x9a\xce\xb6\xab\xeb\xbf\xd7\x95\x7f\xf5\x9c~7<\
\x94<\xb7,e\xd8\xd8\xbc\xa9\xa6\x11\xe8\xb7\xd1;\xca\
\xb6~\xb4^{\xfe\xe9Ay\x07\xe0S\x9c\xffI\xbf\
\x01\x02\xb3\x09lx\xc4\xfc\x84\x00\x00\x00\x00IEN\
D\xaeB`\x82\
\x00\x00\x11t\
\x89\
PNG\x0d\x0a\x1a\x0a\x00\x00\x00\x0dIHDR\x00\
\x00\x00\x80\x00\x00\x00\x80\x08\x06\x00\x00\x00\xc3>a\xcb\
\x00\x00\x00\x09pHYs\x00\x00\x0fa\x00\x00\x0fa\
\x01\xa8?\xa7i\x00\x00\x11&IDATx\x9c\xed\
\x9dytTE\xbe\xc7\xbfuo\xdf\xeeN',\x09\
\x10vD\xe0!\x04\x06\x81(\xa8\x03\x0a\xcc\xb0\x0a\x04\
D\xc5\x05PD@\xe1\x09\x04\x84\xc1\x8dy\x22\xa2\x87\
Me\x18\x9f\xa8\xa8,3\x0a\x98g@\x94E\x05&\
,\xf3@6\x19\x08\x08a\xdfb\x02\x89\x90\xd0\xcb\xdd\
\xea\xfdq\xbb\xe7!$\xdd7w\xe9\xbe\x9d\xdc\xcf9\
9\x1c\xfatU\xdd\xae\xfaV\xd5\xaf~\xbf\xaa\xba\x80\
\x8d\x8d\x8d\x8d\x8d\x8d\x8d\x8d\x8d\x8d\x8d\x8d\x8d\x8d\x8d\x8d\
\x8d\x8d\x8d\x8d\x8d\x8dMe\x86\xc4\xb2\xf0\xf41\xd4\xe3\
uz{\x11J\xba\x83\x90;\x00\xda\x02@2\x80j\
\x00\xb8X>\x9b\x09\x08\x00J\x00\x14\x03$\x0f\x94\xfe\
L\x09\xdd\xe2\xe1=\x9b\xf6~H\xbc\xb1z\xa8\xa8\x0b\
 -\xf3j\x0aD\xe7@\x80\x0e\x02E/\x00\x09\xd1\
~\x06\x8b\xe1\x03\xc1&\x80d\xc3\xc1\xaf\xcd}\xa7F\
Q4\x0b\x8f\x9a\x00\xd2\xc6\xd1$\xc2\xf83)\xa5S\
AP-Z\xe5\xc6\x15\x14%\x94!s8\x97\xfb\x9d\
\x83\xf3\xc8\xf5h\x14i\xba\x00\xd2\xc7P\xce\xe7\xf4\x8e\
\x02\xc8\x7f\x01\xa8kvy\x95\x84|\x80\xbe\x9e\xc0{\
\x96\xec\xfd\x90\x08f\x16d\xaa\x00\xda\x8e\xf36\x96\x19\
d\x03\xe8hf9\x95\x98}\x8c\x8cA\x87\xde\xf7\x9c\
3\xab\x00\xd3\x04\xd0j\xbc\xf7^\x86\xe0+\xd8\xbd^\
/\xbfP\x82AG\xfe\xe2\xf9_32g\xcc\xc8\xb4\
\xf5x\xdfp\x86`+\xec\xc67\x82\xba\x84bk\xeb\
\xf1\xbe\xe1fdn\xf8\x08\xd0z\xbco8!t\x99\
\xd1\xf9\xda\x00\x00\x19\x9e\xbb(a\x85\xa19\x1a\x99Y\
\xeb\x17\xbc\xf7\x10\x8a\x7f\x00p\x1a\x99\xaf\xcd\xbf\x09P\
\x82nFN\x07\x86\x09 h\xf0\xfd\x08{\xd87\x9b\
_\x18\x19w\x1be\x18\x1ab\x03\xa4\x8f\xa1\x5c\xd0\xda\
\xb7\x1b\xdf|\xea\xca\x0c\xb2\xd3\xc7PC<\xa5\x86\x08\
@Y\xe7\xdbK\xbd(\xd2\xd1\xe7\xf2>cDF\xba\
\xa7\x80\xb4q4\x09\x8c/\x0fv\xef\x8f6\xf9\x0ew\
B\x0b\xbd\x1eC\xdd#\x00a\xfc\x99\xb0\x1b?\x16\xd4\
\x13\x02\xfeL\xbd\x99\xe8\x1a\x01\xd22\xaf\xa6@\xe0\xce\
\x00H\xd2\xfb \xd1\x80e\x80\xaei,\xba\xa61h\
\xd5\x88AJ\x92\xf2\xf3\x8bJ)\x8e\x9e\x97\xb1-W\
\xc6\xb6\x5c\x09\x92\x1c\xe3\x07U\x0bE\x09\x9cBS=\
\x01$\x87\xae\x07P\xa2z\x96o|B\x80>\x1dX\
dfph\x98r\xab\xe6\x9b\xd4!h\x7f;\x83\xc7\
\xba\x02\xf9\xc5\x14\xf3\xb2\x05l\xd8/\x81\xd2\x18<l\
E \xa8Fx\xe7\x00\x00K\xb5f\xa1s\x0a\xa0\x83\
\xf4\xa57\x9f6M\x18,\x9f\xe4\xc2\xbc\x91\xce2\x1b\
\xfff\xea%\x13\xcc\x1b\xe9\xc4\xf2I.\xb4ib\x8a\
\xa3\xd4P(\xd1\xd7\x06\x9a\xa7\x80\xf41\xd4\xe3s\xfa\
.\xc3\xa2\xf1\xfc\xd4\x1a\x04\x93\x06p\xc8\xe8\xcc\xea\xca\
g\xcd.\x09\xef~-\xa0\xe0\xaae\x87\x03_\x02\x9f\
P[\xeb\xa6\x12\xcdS\x80\xd7\xe9\xedE@,\xd7\xf8\
n\x0ex\xaa\x87\x03\xa3{qH0\xc0\x1f\x99\xd1\x99\
E\xaf\x0e,>\xda$`\xe9f\x11~S\x83\xb3\x9a\
H\xf0q\xde\x9e\x00\xd6hI\xacy\x8c#\x94t\xd7\
\x9a\xd6\x0c\x08\x01\xfavd\xb1\xee57&\xf4W\xd7\
\xf8%>\x8a\x12_\xe4\x9e\x9d\xe0\x04&\xf4\xe7\xb0\xee\
57\xfavdAb\xba\x91\xae,H\x0f\xad)\xb5\
\x1b\x81\xca\x1e>\xcd\xc9\x8d\xa4M\x13\x06/\x0d\xe1\xd0\
\xa1\x99:=\x1f>+c\xc1Z\x01\xbb\x8f)\xe6~\
\xa7\x96\x0c&\x0f\xe4\x22\xce\xf9\xf5\x83\xf6\xc1\x93\x0f\xc8\
x+K\xc0\xe1\xb3\x16Y.0\xa4\xa5\xd6\xa4\x9a\xb5\
\x9c\xf6\x9f\xde<\x00\xcd\xb5\xa67\x82\xba5\x95y~\
`'u\xf3|\xe15\x8aw\xd6\x0a\xf8z\xb7\x04\xf9\
&\xed2\x04\x18\xd0\x89E\xe6@\x0eu\xaa\xab\xab\x16\
\x0b\xd9\x07'r\x17yZhI\xa8G\x00W\x00\xa4\
hM\xaf\x077\x07,\x18\xe5\xc4\xfdmXU? \
 \x00\x9fn\x16\xb1\xe4;\x01\xde@\xf8\xefz\x5c\xc0\
\xa8\x9e\x1cF\xf6p\xc0\xa5\xc2\xdb\xee\xe3a\x05\xfb\xe0\
J\xee\x22Om-\x09\xf5\x08\x80G\x94\xb7n\x87\xd6\
\xf3\xaf<\xca!9Q\xdd\xa3\xaf\xdf'a\xc1\x1a\x01\
\x17\x8b*\xd6K\x1b\xa4\x10L\xce\xe0\xd0\xb7\xa3\xba\xd1\
\xe5R1\xc5\xfc\xd8\xf9\x0f\xf8\xdcE\x1e\x97\x96\x84z\
\x04\x10\xd5\x9fY\xd1y\xfe\xc89\x19o~)`\xff\
I}\xf3t\x87fJ\xb9j}\x02\xfbO\xc6\xc6>\
\xc8]\xe4\xd1\xd4\x96\x96\xf7t\xa4\xd6 \x98=\xcc\x89\
US]\xaa\x1b\x1f\x00\x92\x93\x08\xea'\x13\xdd\x16\xfb\
\xfe\x932\x1e\x9b\x17\xc0\xcb+x\x14^\x8b\xac\xf9\x0e\
\xcd\x18\xac\x9a\xea\xc2\xecaN\xa4\xd6\xb0\xdcr\xe1\x16\
,;\x02\x18\xb5\x9e?pJ\xe9\x91\x87\xce\xe8\xef\x91\
V\xb6\x0f\xb4\x8e\x00\x96\x13@h\x9e\x9f2\x88C\xfd\
d\xe3z\xd0\x9a\xdd\x12\xde]k\x8c\xc5nE\xfb\xa0\
R\x08\xa0\xc2\xf3\xfcy\x19\xc7/R\xf4\xe9\xc8\xc2\xa9\
\xc2\xa3at\x8f\xb4\x92}\x10\xd7\x02pq\xc0\xf4!\
\x1c\x1e\xfd\xbd:\xbf\xd4\xcd\xeb\xf9F\xb5\x08\xa6\x0c\xe2\
\xd0\xab\xbd\xba\x1ey\xb1\x88b\xfe\x1a\x01\x1b\x0d\xe8\x91\
Z\xfc\x07\xabv\x88x;K@\xc0\xc0i!n\x05\
P/\x99`\xe1\xb3NU\xbd(\xd2z\xfe\xae\x16\x0c\
\xa6\x0f\xe1\xd0\xba\x91\xba\x1e\xb9\xef\x84\x8c\xb7\xb3\x04\x1c\
>\x17}\xfb\xe0\xd0\x19\x19\x13\x97\xf0\xc8/6\xa6\x1f\
\xc5\xa5\x00\x12\xdd\xc0\xda\x97\xdd\xa8\xa7b\xaeW\xbb\x9e\
g\x19 \xa3\x13\x8bI\x039\xd4\xaa\x169_J\x15\
\xfb\xe0=\x83<z\x15\xb1\x0f\xf2\x8b)\x06\xbc\xe9\x8f\
\xe8\x9cRC\xdc\x09\x80a\x80\x0d3\xdchX+\xfc\
#\x1c>\xab\xcc\x9b\x15]\xcf'\xba\x801\xbd9<\
\xd5\xc3\x01N\xc5\xcc\xe0\xe3\x81\x0f7\x0aX\xb6%\xba\
\xf6\xc1\x85+\x14\xbd_\xf7\xeb\x9e\x8a\xe2N\x00c{\
s\x98\xd0\xbf\xfc9\xffJ\xa9b9\x97\xe5\xb7\xaf\x08\
\x8dj\x13\xbc\x98\xc1\xa1g\x05\xec\x83y\xd9\x026\x1d\
0\xce>\x982\x88C\xad\xa4\xf2\xabz\xe1:\x11\x8b\
7\xeaS]\xdc9\x82\x06\xdf\x13\xbeA\x92\x5c\x04\x0d\
S\x08\x9c:\x9d\xcd\xe7/SLZ\xc2\xe3\xe9\xf7\x02\
8z>\xf2(\xd2 \x85`\xc13N,\x9d\xe8B\
Zc}\xd5\xe3\xe4\x80F\xb5\x18$\xb9\xc2\xb7M\xa4\
\xba0\x93\x98\x8c\x00\xa95\x08\xb6\xccr\xab\xfan~\
\xb1b\xb1\xaf\xdf\xa7\xbfG\xb2\x0c0\xa83\x8bI\x03\
8\xa4\xa8\xb4\x0f\xb2\x83\x11\xbf\xcb*\xbc\x80!\x08\x01\
\xfa\xa5\xb3\x98\x92\xc1\xa1nMuU\xdc\xfdU\xbf.\
\x1b$\xaeF\x80\x8e\xcd\xd5\x17[/\x99`\xee\xd3N\
\xac\xc8t\xa1\xedm\xfa\x1eW\x92\x81\xac\x7fJ\xe8;\
\xd3\x8f%\xdf\x89\x10\xa4\xf0\xdf'D\xe9\x9d\xebg\xb8\
1\xba\x97:\xeb\xbe\xedm\x0cVd\xba0\xe7)\xa7\
\xea\xc6\x07P!7\xb7\x91\xc4\xa4T-\x1e\xbe\xf6\xb7\
3X\xf9\xa2\x0b\xb3\x87\xeb\xf7\xb1\x97\xfa\x81\x05k\x05\
\xf4\x9f\xe5\xc7\xf7?EP\x01\x94%\xde\xa4\x01\x1c\xbe\
~\xd5\x8d^\xed\xcb\xde\x11\x94Z\x83`\xf6p'V\
\xbe\xe8B\xfb\xdb+^\xad\x0dTlX5\x83\x98\x08\
\x80-\xa7T1r[ \xa3\x13\x8bog\xb81\xb6\
\xb7\x03n\x03\xec\x83\x89\x1f\xf3xza\x00?_\x88\
l\x1f4L!xg\x94\x13\x9fMp\xfd\xdb\xd7\xe0\
\xe6\x80\xb1\xbd\x1d\xf8v\x86\x1b\x19*6\xa6\x94\xf7\x1b\
\xcb\xab\x13\xb3\xd1w.\xc0`>\xdb,\xa2~2\xc1\
\x83w\x85\xaf\xc8\xd0\x1e\xbd\x87\xefs\x18b\xb1\xffx\
\x5c\xc6#s\x02\x18|\x8f\x03\x13\xfb;\x22\xda\x07w\
\xb5`\xb0z\x9a\x0b\xbb\x8f\xcb\xb8-\x95\xa0\x9e\xca\xa1\
~\xdd\x1e\x09\x97\x8a)F\xf7\xb4N\xb5[*\x1c\x5c\
\xe2\xa3\x98\xb6\x94\xc7\x93\x0b\x02\xaa\xa2w!\x8b\xfd\xc6\
\x1e\xa9\x15I\x06\xbe\xdc)*\xf6\xc1\xf7\xea\xec\x83\xce\
-\x19U\x8d\x7f\xe8\x8c\x8c'\x17\x04\xf0\xa7\xa5<J\
UlB\x8d&\x96\x12@\x88\x03\xa7d<>?\x80\
\x97\x97\xab\x8b\xc1\x87z\xe4\xcc'\x9c\xaa\xbc\x7f\xe1(\
\xf5\x03\x0b\xd6\x08\x18\xa0\xd2>\x08G\xe15\x8a\x97\x97\
\xf3x|~\x00\x07NYd\x03\xe9MXR\x00\x00\
 \x07]\xb4\xfdf\xfa\xb1x\xa3\x08^\x0c\xff}B\
\x80!\xf7\xb2X\xffg7F\xfd\xd1\xa1*:\x18\x8e\
sA\xfb`\xe4\xc2\x00\x8e]\xacX\xe3\x05\x04\xe0\x83\
\x8d\x22\xfa\xcd\xf4c\x8dNG\x96\xd9XV\x00!\xbc\
\x01`\xe1:\x01\xfd\xdf\xf0c\xe3\xfe\xc8=2\xd1\x05\
L\xce\xe0\xb0\xf6\x157\xfe\xd0N\xdf\x1e~B\x80\xea\
\x1e\x02\x8fS}&\x1b\xf6I\xe8?\xcb\x8f\xbf\xac\x8b\
\xbc\x01\xd5\x0aX\xc7\x1a\x89\xc0\x85\x22\x8a\xc9\x9f\xf0\xaa\
#~\x8dk\x13,\x1c\xed\xc4\xaecJ\xc4\xaf\xa2\xbd\
\xb8eC\xc5\x97\xdf\xe9?\xd4\xf5\x913\x85\x14\xaf\xfd\
\x8d\xc7\xde\x13\xd6\x1c\xea\xcb#n\x04\x10bO\x9e\x8c\
\xa1s\x03\xaa=z\x9d[2\xc8\x9a\xee\xc2\xea\x1d\x22\
\x16}#\xa2\xa84\xfcx\x9c\x92D\xf0B\x7f\x07\x1e\
\xbe\xcf\x01FE\xc7\x97d k\xa7\x88Y\xab\x85\xf8\
9V~\x03q'\x00\xe0\xff=z\x1b\xf7K\x18\xd3\
\x9b\xc3\x88\xee\xe1#~\x0c\x01\x86vq\xa0_:\x8b\
\xf7\xd7\x8b\xf8<\xe7V+\x9fc\x81'\x1ep\xe0\xf9\
>\x0eTK\x88\xdc\xf2\x82\x04,\xdb,\xe2\xc3M\x02\
J\xfd:\x7fP\x0c\x89K\x01\x84\x08Y\xec\xabw\x88\
xq\x10\x87?\xde\x19\xde\x7fP-\x81\xe0O\x0fq\
\x18\xda\xc5\x819\xff# 'WQ\xc1\xfdmXL\
\x1b\xcc\xa1i\xaa\xba\xb9\xfe\xfb\x9f$\xcc\xcb\x16p\xee\
\xb2\x85\xad;\x95\xc4\xb5\x00B\x84,\xf6\xce-\x19L\
\x7f\x88C\xcb\x86\xe1\xe7\xed\xa6\xa9\x04\xef?\xe7\xc4\xa5\
b\x0a\x02\xa8\xda\x90\x02\x00\xc7.({\x13v\x1f\x8f\
\xc3\xb1\xbe\x1c*\x85\x00B\xec:&\xe3\xe19\x01\x0c\
\xb9\xd7\x81\x09\xfd\x1dH\x0e\x13\x83\x07\xd4\xc7$\x8aK\
)\x16\xae\x13\x91\xf5O1.\xe7\xf9pT*\x01\x00\
\x8a}\xb0j\x87\x88\xf5\xfb$<\xdf\xc7\x81a\xdd\x1c\
\x9a\xfd\xec\x92\x0c\xac\xd8*\xe2\xbf7\x88\xaa\x8e\x91\xc7\
#\x95N\x00!J|\x14s\xbe\x12\xb0j\x87\x88i\
\x839<\xd0\xb6b\x9b.\xb6\x1e\x920\xf7+\x01\xa7\
\x0b*g\xc3\x87\xa8\xb4\x02\x08q\xba\x80b\xdcb\x1e\
\xf7\xb5b0}\x88\x13\xcd\xeb\x85\x1f\xf6O\xe4S\xbc\
\x9d\xc5c\xe7\xd1J6\xd6\x97C\xa5\x17@\x88\x9dG\
e\x0c~\xcb\x8f\xa1]\x1cx\xe5\x91\xb2\xe3\xc8\xb3V\
\x0bX\xb5\xbd\xf2\xcd\xf3\xe1\xb0\xbc+\xd8H$\x19\xf8\
{N\xd9q\x05^\x04>\xcf\xa9Z\x8d\x0fT1\x01\
X\x81\xf2,\x8aXY\x1a\xb6\x00\xa2\xcc\xf1\x8be7\
uy\x9f\x9b\x8d-\x80(\xb3=W\xc2\xa6\x03\xbf\xf5\
Co: a{\xae\xbe\xbd\x07Z\xa92F\xa0U\
\x90)0\xe5\x13\x1e]\xd2X\xb4\xa8G\x90\x97O\xb1\
=7v{\x06l\x01\xc4\x00\x99\x029\x87%\xe4\x1c\
\x8e\xf5\x93\xd8S@\x95\xc7\x16@\x15\xc7\x16@\x15\xc7\
\x16@\x15\xc7\x16@\x15\xc7\x16@\x15'&\xcb\xc0\xf2\
\xfc\xedn\xce\xfa\x17+\xd6\xadI\xd0\xa3\x1d\x8bDM\
\x17\xb3\x86\xe7z\x00\xf8\xe1')\xaa\x97O\xc7D\x00\
\xe5\xdd\xf3\xd3\xba\xb1\xb5\x05\xd0\xfev\x06\x1f\x8dwA\
\xdb\xad\xbc\xea\x98<\x90\xc3\xe8\xbfF\xef$QL\xa6\
\x80\xf2\xee\xfby\xa0\x0d\x8b\xaei\xb1\xbb-#\x12/\
\x0d\xe1Lm|@9\x8a\xfe\xd2\x90\xe8\xdd\xc1\x1d\x13\
\x01\x14\x5c\xa5en\xac$\x04\xf8\xebX'&\x0f4\
\xbf\xa2\xb5\xd0\xa2~t\xaa+Z\xe5\x0014\x02?\
\xf9\xbe\xec\xc3~,\x03\x8c\xea\x19<o\xdf\x99Uu\
8#Z\xe4]\x8a\xce\xb0\x1c\xadr\x80\x18\x0a`\xfb\
\x11\x09kv\x97\x1f\x01\xabS]\xb9%\xfc\x8b\xa9\xae\
\x0a])c&oe\x99\x7f\xde\xcf\x1bP\xca\x89\x16\
1\x0b\x06Q\x0a\xbc\xb1\x92\xc7\xef\x9a\xb8\xd1,\xcc>\
\xbd6\x8d\x95\xf7\xfem\xd8'a\xbe\x86\x17?\x18\xc9\
\x81S2\x1e|\xc3\x8f?\xdci\xaf\x02\x0c\xc1\xc7\x03\
\xa3\xdf\x0f\xe0\xbdQ\xce\x88\x17@\xf5\xe9\xc8\xa2G;\
\x16\x9f\xfe \xe2c\x15\xaf~1\x8b\x82\xab\x14\x9f\xe7\
D8\xab\x1eG\xc4|l\xcd/\xa6\x18\xf1^\x00+\
\xb7G\xaeT\xa7\xe3\x86\xfbx,f\x1f\xc4+1\x17\
\x00\xa0\x5c\xa80s\xa5\x80G\xe7\x06T]\x09kE\
\xfb ^\xd1S{\x86[*\x87\xcf\xca\x18\xfen\x00\
S>\xe5U\xcd\xf5!\xfb`\xfeHg\xcc\xaeY\xb3\
\x08\xbc\xd6\x84\xda\x05@i\xa9\xe6\xb4a\xb3Un\xd9\
\x180\xcb\x8f\x85\xeb\x04\xf8T\xfc\xb4>\x1dY|\x13\
|c\xa8\x15\xfd\x07\xe6\xa3\xbd-4\x0b\x80R\xe9\xaa\
\xd6\xb4j\xf0\x0b\xc0\xe2\xe0=;\xd9\xbb\x22o\x98\xac\
\xca\xf6\x01\x95\xa5kZ\xd3\xea\x11\xc0)\xadi+B\
\xc1U\x8aWV\xf01\xb3\x0f\x1a\xa6\x10\xdc\xdd\x82Q\
uiD\xac\xa0T:\xa95\xad\xf6\x1a\x12\x03y\x9a\
\xd3j \xda\xf6A\x83\x14\xe5=\xc1\x9b^w\xe3\xb3\
\x89.l\x9d\xe5F\xbft\x8b\xc6)\xc4\xc0\x09\xadI\
5\x0b@\xf4\x17n\xd3\x9aV+\xd1\xb0\x0f<\xae\xe0\
\x9b\xc2_u\xff\xe6\xad\x1fn'\xf0\xe60'j\xab\
|/P4\x11\xbd\x859Z\xd3j\x964\x13\x08\x5c\
Nl\xd6w<\x08\x89\xba3I\x94\x81\xbd'dd\
\xef\x92P3\x91\xa0U\x84\x1b\xc3XF\xb9Lr\xf0\
=\x0e\x14_\xa7\xe8\xd6\x96\xbd\xe5\xce\x00I\x06\xf2\x7f\
\xa5X4\xc6\x85\xfb\xdb\xb0p\x94Q3,\xa3x\x03\
O\xfeb\xa1#\xe3\x94\xfa\xafl\x9f\x91\xe9\xbd\xb2\xbf\
DKr=r\xae\xde\xfa\xf9\xa2/\x08\xeb\xee\xab#\
\x0fC\xa8\xe8\xeb\xe6(\xc5-\xf7\x07\x96\xf5YY<\
1?\x80\x9fN[\xe7\x04)\x15\xfd\xdf\x1e\xf9 \xe5\
q\x00\x9a\x0cA=V\x92$\xf9\x8b\xbe\xd5\x91\xde0\
*j\x1f\x94\xd5\xd0j\x1a\x7f{\xae\x84\x83\x06\xbc\x81\
\xd4H$o\xe1z\x00\x9a\xcf\x95\xe9\xb1j\x08\xe3r\
]Nl\xd0m$\x08\xd1\xf1rW\xe3\xc8\xbbD\xb1\
z\x87\x88\x80\x00\xb4k\xca\xaazY\x94\x1a\xfc<\xf0\
\xc1F\x01\xb3\xbf\x14T]i\x1f5(-\xbd\xf2\xaf\
\x05\xd3\xbc\x17v\x16A\xa3\x08\xf4T\x91\xec\xbd\xb0\x13\
\xb5\xee\x1c\xef \x8e\x84.:\xf21\x94\x8a\xda\x07\x91\
X\xb3[\xc2\x84\x8fxl=$[\xee\xee\x00\x91/\
\x9e\x7fn\xed\xc3\x9b\x01\x5c\xd7\x9a\x87\xde>\xc2I\xfe\
\xc2CIM\x1f\x1cF\x08I\xd4\x99\x97\xa1\x5c\x0f\x00\
\x9b\x0fJ\xf8\xc7a\x19-\xea3\x15~K\xc9\xfe\x93\
2&-\xe1\xf1y\x8e\x88\xebV\xbc\x08\x92\xca\x05\xbf\
\xe4d\x8e\xf5\x17\x1e\xf4\x02\xd0\x1c\x1b\xd5+\x00\xe2/\
<H\x92\xdb>s\x9duV\xeb\xa53/S(\xbc\
J\xf1\xd5.\x09'\xf2)\xeel\xca )\x82C\xe7\
\xfc\x15\x8a\xd7W\x0a\x98\x9b-\xa0\xe0W\x0bY\xfb7\
!\xfa.\xfd\xf9\xc2\xa6g\xf7\x00\xf0B\x87\x0d\xa0w\
QK\x00\xa4xj\xa7;o{t\xcb\x06\xc28\xda\
\xe9\xcc\xcfTX\x06\xe8\xd2\x9aE\xb7\xb6\x0c\xba\xfd\x8e\
E\xed\xe0=\xc3\x97K(\xb6\xfeK\x19-\xb6\xe5J\
\x96\x1b\xeao\x86\xca\xe2\xc13\xab\xba\xf7\xf1^\xde\xcb\
\x03(\x82\x8e\x0bF\x8c\xf0jx\x00x\x1av\xff\xa0\
a\xf5\xb4a\xdf\x11\xc2\xd41 O\x9b\xf2\xa0r\xc1\
\xb5\xa3\xcbz\x9e\xffa\xdcE(\xbd\xdf\xab';#\
\x82\xe9>\x00\xf2\x85-\xcf]\xf0\x15\xfc8\x02\xa0\x9a\
C\x936\x91\xa0\xbc7\x7f\xf7\x88`\xe3\xcbP\xea^\
\x17F\x08\x80\x22\xa8\xc2\xd3\xab\xbb\xef\xe1\xaf\x9d\xcf4\
 O\x9b2\xe0K\xceM:\x9d\xd5co\xf0\xbf^\
\x18p\xb7\x94Q\xdbi\xfc\x00D\x00\xc8[v\xc7*\
\xfe\xda\xb9\xf1\xd0\xb1I\xc1\xe6f(\xcf\x97\x9c\x1d\x97\
\xb7\xb4\xd5\xea\xe0\x07\x22\x94:\xd7\x8d\x91\x91\x0d\x06@\
\xcd\xe0\xbfh\xfa\xc8\x96\xbb\x12R\xef^f\xdb\x04\xfa\
\xa0T.\xf4\x15\xfc8\xe2\xf4\xea\xee{\x82\x1f\xc9\x00\
~\x0d\xfe\xab\x1b#\xe3\x9b\x14\xca61\x17\x00\xf2k\
\xee\xd2\x8b\xae\xa4&\xd9\xae\xdam\xee#\x84\xa9k`\
9U\x06*\x8b\x07\xaf\x1d\xf9\xdbC\xe7\xbey\xe4\xe7\
\xd0GP|\xfe\x86\xf9#\xcd\x88m\xba\x00T\x0b\xfd\
\xc7S;\x9dk4p\xe5\x13\x8e\x84z\xd3@\x98T\
\x13\xca\xab|P\xb9@\xf4\xe5\xcf9\xbfv\xe8\xdf\xbd\
\x97\xf7\xde\xb8\xf7\xb2\x04:\x9c>eaVp\xfb7\
\x22\x00\x80\xe4\xb4\xe1\x9e:\xbf\x7f\xeb9\x873\xf9\x05\
\x10\x92dR\xb9\xf1\x0d\xa5\xa5b\xa0xa\xe1\xce\x97\
\x16\x17\xe7.\xbfqyG\x01\x94\xc2\xe0\xc6\x07\xcc\x13\
\x00\xa0\x1c:\xa9\x8e\x9b\x0c\xcd:\x9d\xa7&'\xdf\xf1\
lo\xd6S\xa7/a]=@\x88\xba\xf7\xc8WV\
(\xf5S)\xb0Y\xf2\x16\xae/\xfe\xf9\xe3\x8d\x85\xbb\
\xe6\x16\xdf\xf4\x0d\x19\xca\xb0o\xcai\x14\xb3\xb7\xb70\
PDP\xe6\xa6\x91\x94\xe6\x8f%\xa4t\x9e\xde\xcd\x91\
X\xaf+\x1c\xae\xe6\x84\xb0\xcd\x08\xc3V\x07H\x12\x00\
KD\x18\x0d\x84\x07h)\x95\xa5k\x94J'!\x06\
N\x88\xd7\xf3\xb7\x15\xedz{k\xd1\x89/\xca[\xcf\
\x8bP\x1a\xdf4\xdfd\xb4\xf67\xb9\xa1x\x0c\xedS\
\x1c\xea\x90\xa1\xac\xf3M\x0fCEs\x83\x1b\x01\x90\x10\
\xfc\xb3\xde\xc6:k@\xa1x\xf7|\x88\xd2\x05\xe2\xb1\
h\x08\x02exw\x01\xe0b\xf4\x0cV\x22\xb4|\x0e\
@q\x9eE5\x04\x19\xeb\xca'PD\xc0A\xf1I\
\xb0P\xa6\x89X?\x97YP(\xc3\xbb\x14\xfc\x13\x82\
\x7f\xd6\x8d;\xdb\xd8\xd8\xd8\xd8\xd8\xd8\xd8\xd8\xd8\xd8\xd8\
\xd8\xd8\xd8\xd8\xd8\xd8\xd8\xd8\xd8\xd8\xd8\xc45\xff\x07'\
\x19\xcf\xda\xc8\xe1\xe5{\x00\x00\x00\x00IEND\xae\
B`\x82\
\x00\x00\x08\xc7\
\x89\
PNG\x0d\x0a\x1a\x0a\x00\x00\x00\x0dIHDR\x00\
\x00\x00@\x00\x00\x00@\x08\x06\x00\x00\x00\xaaiq\xde\
\x00\x00\x00\x09pHYs\x00\x00\x0fa\x00\x00\x0fa\
\x01\xa8?\xa7i\x00\x00\x08yIDATx\x9c\xed\
\x9a{PT\xd7\x1d\xc7?\xf7\xee\xdd\x87\x80/\xa6\x96\
\x01\xadL\x15\x91RuL\xc7\x8coMb\x93\xf8\xaa\
Ql\xb5\xc1$SkbU\x84\xfe\xd1L$\xe3\x8c\
\x1d\xed81if2M\xb1j4\x8dV1%\x95\
\xe8X\x15\x1fQ\xa1jc\xc6ik\xa2\xa2 \xd5\xa8\
\xf8 *Ray\xed\xbd\xf7\xf4\x8f\xeb\xb2na\xef\
\xee\xde]\x90\x8e|g\x98A\xef9\xe7\xf78\xbf\xdf\
\xf7\xf7;\xe7\x00]\xe8B\x17\xba\xd0\x85\xc7\x17\x92\xd5\
\x89\xe99\xf5\xfd\x11\xcc@HSA\x0c\x04\x92\x80\xb8\
\xe8\xa9f\x8a:\xe0\x06H\xffF\x12\xfb\x90\xd8]\xfa\
~\xccU+\x0b\x85\xed\x80a\xd9\xf5\xfdT]\xacD\
\x92~\x06\xc8V\x84\xb6\x03t\x84\xd8\xacj\xd2\x8a\xf2\
\xf51\xd7\xc3\x99\x18\x96\x03\xd2\xb3\xdc/ I\xdb\xe8\
\xb8\x9d\x0e\x17u \xe6\x95\xe6\xc5\xee\x0euB\xc8;\
\x98\x9e]\x9f\x83$\xed\xa4\xf3\x1a\x0f\x10\x07\xd2\xae\xf4\
\xec\xfa\x9cP'\x84\x14\x01\x0fv~\x97u\xbd:\x1c\
\x02\xc4\xccP\x22!\xa8\x03\x86e\xd7\xf7S\x05\xe7\xe9\
\xdc;\xdf\x16\xeaT\x95\xb4`\x9c\x104\x05T]\xac\
\xe4\xff\xcfx\x808E\x11+\x83\x0d2\x8d\x80\xf4\x9c\
\xfa\xfe\xe8\x5c&\x8al/I\xf0\xd4\x10\x1b\x99\x13\x14\
\x06\xf75\xc4\x97]\x17||L\xe5\xe8\x19\x0d!\xa2\
%\x09\x00\x1d\x99\xef\x9a\x95H\xc5t\xba`\x06Q4\
>5IfY\x86\x9dQ\x83\xfd\x97\x1c\x93&1&\
\xcd\xc1\xc92\x9d\xb7?\xf5P~C\x8f\x96HY\xd2\
\xc4\x8f\x80\xb5\x01\x07\x98N\xd7\xc5\xb4hh\x11\x1f'\
\xb1b\xae\x9d\xc2\x5c\xa7\x9f\xf1\xba0~\xbc\x185X\
\xa60\xd7\xc9\x8a\xb9v\xe2\xe3,\xf7h~\x100\xdd\
\xec\xbby\x04Hb`\x04\xcd\x22\x0e\x052'(,\
\x9eb'\xce\xe5\xfb\x7fU\x83\xad\xc5*\x1b\x0f\xaa\x00\
\xbc\xf6\x9c\xc2\xcbO)(6\x90%\x98;Na\xda\
\x08\x85uE\x1e\xf2KT<\x9ae\x15\x001\xc0\xec\
\xab9\x07,u\xd7\x81\x14\x1b\xaeHI\x82\xe9#l\
\xfcf\x9e\x03\xbb\xcd\xff\xdb\xe1\xaf4\xde\xdd\xe5\xe1\xea\
m\xffd\xef\xdfG\xe2\xf5\x99v&\x0d\xf3\x9fp\xf5\
\xb6\xe0\x9d\x9d\x1e\x8a\xcfZ\xe5\x07\xe1.\xcd\x8b\x0dH\
\xe2A\x1cP\x1f\xb6\xc8@y\xeeQa\xdd~\x0f\x1f\
\x1cTM\x0d\x19\x99*\x93\x9ba'\xb5\xaf\xff\xfcH\
\xf8\xa14/&\xa0\x9dQs@|\x9c\xc4\xd2i\x0a\
?\x19\xab \x9b\xac\x1a\x8a!6\x192F+\xe4L\
W\xfc\xb8@\x17\xf0\x97\x13*y{U\xaa\xebB\xdf\
\x9bvu\x80M\x86\x97\x9eRX\xd2F\x9eo+Q\
\xa9\xaa\x11,|N\xa1\xb7\x05C\xbaw\x93\xf8\xc5\xf3\
>~\xf0\xa2\xae\x11\xfeP\xe4a[\xb1\x8a\x16B@\
\xb4\x9b\x03\x14\x1bl\xcar\xf2\xe4 \xffp\xfd\xdf<\
73$\x14\xa2\x0b\xc4\x0f\xa7.\xea\xbc\xba\xb6\x095\
\x08I\xb6\x9b\x03>\x5c\xea`\xd4`\x9fR\x17o\xe8\
\xbcU\xe8\xe1\x8b\xf2\xb6\xb7%\xf9\x81!\xcfX$\xba\
\x91\xa92o\xce\xb63(\xc9\xe7\xf0\x93e\x1a\x0b\xf2\
\x9a\xcd\xd44u\x80\xe5&\xc7\xa1\xc0\x88\x14\x7fCb\
]\x12=c$\xa4\x00\xe2\xae\xdc\x16dolfA\
^\x13\x17o\xfa\x9c\xd4\xbf\x8fD\xdeB\x07\x9b\xb2\x9c\
\xa4&\xb5\xad\x92$A\xcf\x18\x89X\x97\xff\xe2#R\
l8\xcc\x8b\xb9),; %Q\xf6\x0bg\x80\xa4\
x\x89\xf7\x168\xf8(\xc7IZ\xbf\xc0K\x9f,\xd3\
\x99\xbd\xa6\x89\x95\x7f\xf6p\xef!\x0e\x08\xd4\x08}\xaf\
\x9f\xcc\xe6\x1c'\xef-p\x90\x14\xef\xef\x00\xc5f\xe8\
b\x15\x96}\xe7r\xf8~\xbfT%\xe8\x15K\x8b\xd2\
O\xa6\xc8\xecx\xc3I\xe1\xe7*\xbf\xdb\xa3R]\xdb\
:\xae5\x1d>9\xa1R\xf4O\x8dE\x93\x15^\x9a\
\xd8\xba\x11\xdarD%\xb17\xcc\x1a\xa5\xf8EUu\
\x9d\xa0\xc6\x0d\x03\x12\xa4V\xba\x84\x8b\xa8\xf4\xf9\xdf\xd4\
\x08\xa6\xaejb\xf3\x11\xb5\x85\x90$\x09~<F\xa1\
h\x85\x8b\xf9\x93\x94V\x0d\x91\x17\xb5\x0d\x82\xdf\xee\xf4\
0cu#G\xcf\xf8\xd8,\xce\x05YS\x152F\
\xfb\x8cW5\xf8\xe8\xb0\xca\xd4UM|S\x13\x9dS\
S\xd4\x0e:\x0f\x1bR|\xd6\xdf\x90\xd7g\xda\xd9\xbd\
\xdc\xc5\xd3CmA\xf9a\xed\xbe\xb6+\xc2\xd13\x1a\
3V7\xf2\xee.\x0f\xb5\x0d\xd1;2F@\x1fm\
\xe3\xcamA\xd6\x86f\xc6\xa4\x19\x1d\xa17?\xbdD\
\xf7y\x99\xce\xdb\x85\x1e?\x12\x04\x18\x94(\x93;\xbb\
u\x07\xd9\xe4\x817\xb64\xf1\xd9\x97Q;!\xfa!\
\xea\x0e\xf0\xe2\xef\x17t2\xd641g\xac\xc2\xd2i\
\x0a\xbdb\x8d\xad\x1f=X\xe6\xd37\x9d\x14\x1cWY\
\xbb\xcf8\x0c-\x9d\xaa0g\x9c\x7f\x07Y\xe3\x16\xe4\
\xedU\xf9\xe4Dh\xcd\x8eU\xb4\x9b\x03\xc0 \xba\x8f\
\x8f\xa9\xec\xfd\x87\xc6\x92)\x0a\x99\x13\x14l\xb2At\
/\x8eWxq|k\xf1\x9a\x0e\xf9%*\xeb\xf6\xab\
\xdc\x0f\xff(\x126\xda\xd5\x01^\xdc\xaf\x17\xac)\xf4\
Pp\x5ceY\x86\x9d\xf1\xe9m3\xe2\xdf\xcei\xbc\
\xb3\xd3\xc3\xe5\xaa\xf67\xdc\x8b\x0eq\x80\x17\x97\xab\x04\
\x8b\xd653>\xdd\xc6[/\xdb[\xce\x07\xf7\xea\x04\
\xb9[=\x1c/\x8d\xe8\xe0o\x09\x8f\xe4e\xe7X\xa9\
\xc6\xf6\x12\xb5\xe5\xdf\xdbK\xd4Gb<<\xc2\xa7\xad\
\x87\xaf\xc2t\x0b\x11\x7f\xaa\xc2pXu\x9d\xe0\xd2-\
\xeb)\xd3\xa1)\x10Ml8\xa0R|V\xe7\xd6=\
A\x8d\xfb1t\x80\x10p\xa12\xf2\xfa\xd8Y^w\
\x1f\x19\x1e{\x07XN\x81\xc6\x87\xee z\xc4DC\
\x15\x1f\xe2\x5c\x90;\xdbAb\xef\xd0\xae\xe4u\x01\x05\
\xc7U>\xfb2\xfcJb\xd9\x01\x157uj\x1b\x04\
\xdd\xbbI\xa4\x7fG\xe6\xe7\x93\x14\xb6\x1c\x8dN\xdb\x9a\
1Za\xd6\xa8\x00\xc7\xc7\x00\x18\x9al\xb7\xe4\x00\xcb\
)\xd0\xac\xc2\xe6\xc3\xbeZ\xfe\xab\x99vv,s2\
25\xf2\xac:_\xa9\x87]\x1aK\xafY\xab\x04\x11\
U\x81\x8d\x87T\x86$\xcb<=\xd4\xd8\xad\xd4$\x99\
?f;9\xf2\xe0R\xf4\xcamkJ\x9d\xba\xa83\
eU#\xdf\xee\x19b\x0a\xe8Pz\xcdZ\xe8E\xe4\
\x00M\x87_njf\xdeD\x85%S\x14\xbaw3\
\x14~f\x98\x8d\x09\xdf\xb7\xb1\xb5Xe\xc3\x01\xd5\xd2\
\xf9\xbd\xf2\x8e\xa0\xf2N\xfb\x9f\x09\x82\xc4\xabp\x07[\
@\xd3\xe1OG\x8d[\x9a\x82\xe3jK\xe8*6\x98\
?Ia\xdf\x0a's\xc6\x1a\xa7\xc0G\x03s\x1b\xcc\
\xd5\x12\xda\xadP\xc5T\xd7\x09V\x15x\x98\xbd\xa6\x89\
\x93e\xbep\x8c\x8f\x93\xf8\xf5OC\xe7\x87o\xf5\x90\
\xa2\xeb,]\xbbi\xf6\xd9T\x94\xd0\xf5\xcb\xe1\xca+\
\xbfa<Vdmh\xf6\xe3\x00/?\xfc\xfe5\x07\
\xc9}Z\xe7v\xf2\x83\x1b\xa3\x92\xd5.v,sF\
t\xd5\xfd0\x84\xd0\xbf6\xfbn*Fo\xfe\xcf!\
[\xb7>?\x0c_(\x14\x9f\xd58q^#s\xa2\
\xc2\xe2\xc9\xad\xf9\xe1\xab\xaf}Q2.\xdd\xc6\xe2)\
\xf6\x96k\xf6\xd4$\x99\x84^\x12\xd7\xa2\xc0\x01zS\
\xcdA\xb3\xef\xa6\x11\xd0p\xe7_{\x00\xcb\x95\xdd\xa3\
\xc1\x96#m\xf3\xc3\x0f\x06\xfaD?1\xc0\xf7\xc6 \
\x84\xc1)\x95w\xa3B\x80z\xc3\xdd\xd3{\xcd\x06\x04\
\xab3\xae\xb4\x85U\x1f\xca\x8e\xee\x99\xd1\xd0&\xd0\xd3\
\xb9\x17_\x94\x1b/\xc7e\xd7\xa3s\x09\xa8{j\xf3\
/lHx\x15h\x0c4&X\xbb\xa5\xdbb\x93\xcb\
c\x12\x9ex\x05\xa4\x08\x9e\x1f\x0c\xdc\xad\x15\xfc\xf5\x94\
F\xe95AB/\x89\x84^\x12B\xc0\xe9K:\xab\
wxx\x7f\x8f\x87;\xf7\xa3U\xfa\x84\xbb\xfa\xdc\xb6\
\xf9\xee+E\xb7\x80\x80\x8b\x86\xd2i\xc4\xa5d\x9e\x9e\
\xe5\x88O\xdd\x12\xe2\xf8\xce\x00\xd1|\xaf\xfc\x95\x8a\xfc\
\xe1\xbb0\xfe\xb0: B)8\xf5\x15\xdb\x87\xefS\
\x1b\xaa\x96c\xe2\xc9N\x04\xa16T-\xaf\xc8\x1f^\
\x04\xd4\x07\x1b\x1c\xea\x8e:\x80\x1e)\xf3NOv\xf4\
\x1e\xb4\xde\xca\xdf\x0du\x0c\x84\xbb\xf9\xde\xc5E\x15\xf9\
\xc3\xf7\x03\xf7\x01\xf3ws\x82s\x80\x17\x1a \xaa\xcf\
\xac\xbf*\xbb\x12\x0b\x5c\xf1\x83zH6\xe7\x10:O\
J\xe8\xba\xa7v{\xf5\xb9m\xf3\xaf\xedy\xe14\xe0\
\x06\x9aB\x99\x18\xae\x01\x0e\xa0; \xf5}\xf6\x83~\
q}'=/\xbb\xe2\x9f\x95d[2\xb2-\xb1\xe3\
\x22C\xb8\xd1\xb5\x9bB\xd7\xae\xe8\x8d\xd5\x87\xea\xae\x1f\
>p\xfd\xd0\xc2J\x8c\x14\xad%\x84\x9d\xf7\xc2\xca\x0e\
\xca@\x0c\xe0\x0a6\xb0\x83\xd1\x88\x91\xf3a\xd5\xd0H\
BX\xc6\x88\x08\x07F*\xc9\x11\xae\x17\x0e\x04\x86\xa1\
\x1a\xc6n7\x13A\xc3\xd6\x85.t\xa1\x0b]x\x5c\
\xf1_4 lm\x00+-\xa4\x00\x00\x00\x00IE\
ND\xaeB`\x82\
\x00\x00\x04\xb1\
\x89\
PNG\x0d\x0a\x1a\x0a\x00\x00\x00\x0dIHDR\x00\
\x00\x00 \x00\x00\x00 \x08\x06\x00\x00\x00szz\xf4\
\x00\x00\x00\x09pHYs\x00\x00\x0fa\x00\x00\x0fa\
\x01\xa8?\xa7i\x00\x00\x04cIDATX\x85\xed\
\x97]l\x14U\x18\x86\x9f3\x7f\xedn\xa1\x8d\x15\x83\
\x10\xfc\xc1\x1f\x10\x0c\x185^\xa0\x18\x84J\x844\x94\
\xb4\x180h\xb4FP*\x90\x08\xd1\x02\xa21\x06\x08\
\x02\xea\x85\xa5\x05\x84\x08Q\x04RB!J[\x12,\
\x0a\xb4\xe8\x05\x06\x22\xd2\x02\xc5\x0a\x92\xb4XPZp\
\xa7\xbb;3\xe7x\xb1)a\xd7\xd9\x1f\x0c\x097\xbc\
W;s\xe6|\xefs\xbe\xf3\xcdwf\xe1\x96n\xb2\
D\xb2\x81\x11e=\xf7I]~\xa0\x10\x05\xc0\x00@\
\xbb\xce\xd8\x12\xe8\x10\xa8\x06\xcd\xd3><\xb6&\xd0\x96\
1\xc0\xf0\xd9\xa1\xd7\x11\xe2S \xe7:M\x93)\x84\
R\xf3\x9b+s>O\x0b0|N\xcf8P\x0d7\
\xc88\xd1\xae\xa0yu`_R\x80{KUv\xb0\
\x8f}\x12\xc4\xdd\xe9B\xe5\x05\x05O\x0d\x8b\xedJS\
\x8b\xa4\xdbV\xe9\xfd\x95:\x1b\xd5\x82COW\x88H\
\xef-\xe3\xda\xf1`\xe0\xf2X0S\x9a\x9b:L\x1f\
cP6\xc1\xa0o \xc6\x7f\xa5G\xb1f\x8f\xcb\x96\
\xfd.\x8e\x97b\xb2\x10\xf7X\xee\xe5q@\xbd/\x80\
\x12jD\xb2\xaa\x14\x02^-0xe\xacA\xbf\x5c\
\xc1\x0f\xbfz|\xbc\xd3\x01\xe0\xedb\x93\xf2b\x93i\
\xa3\x0dV\xd68\xec?\xee\xa1\x92$D\x095\x22)\
\x00R\xe6\xfa\xd5\xfa\x90\x81\x1a\xe5%&\xa3\x86\xc6\x06\
\xcft*6\xecu\xf9\xbd3\xe62{]\x94'\x1f\
\xd2XPbR\xf9\x86\xc5\x8f'%+k\x1cN\xb5\
\xcb\xff\x06\x932\xf7\xda\xcb8;\x85\x8cK\x80\xa6\xc1\
\xfc\xc9&;\x16f1l\x90`I\xb5C\xf9\xa6(\
Y&l\x9e\x97\xc5\xaaR\x8b\x01\xb7\xc5\xa6\x1c:!\
)\xf9(\xc2\x92j\x87a\x83\x04;\x16f1\xaf\xc8\
@KXP\xa2G|\x06\x124{\xa2\xc9k\xcf\x1a\
\xb4\xb6K\xe6\xaew8w1\xb6\xa2\x86_<J\x0b\
\x0cf\x8e7)\x18\xa9\xb3\xb1\xc1e\xc3^\x87\x9e(\
l;\xe8\xd2\xd4\x22\xa9\x98i2c\xbc\x89\xeb\x09*\
j\x9d\xa4\x1e)\x01\xee\xc8\x03;\x02\x83\xfbkl/\
\xb7\xa8\xaaw\xd9z\xc0%\xec\xc0\xda=.;\x7f\xf2\
xk\x92\xc9\xac\x09\x06%\xa3t>\xdb\xed\x90\x1b\x14\
\x94M0\x08X\x02;\x12\x8b\x91J)\xbb\x9b\xa1\x09\
\xbaB\x8a\xa2ea~\xfeM\xb2\xa0\xc4d\xd7\xbb\xd9\
\x8cyXG\x08\xf8\xb3K\xb1\xe8\xab(\xd3?\x89\x10\
\x0a\xc3\xd2\x17-\xca\x8bM\x0e\x9f\x96\x14-\x0b\xd3\x15\
R\x18Z\xd2f\x9b>\x03\xbd:{A]-\xb4\x85\
S,\xaafY4\xb5x\xac\xa8\x89\xa5vN\xa1\xc9\
\xe0\xfe\x82\xf3\x97\x14_4\xb8|\xbd\xdf\xcd$l\xe6\
\x00\xbd:tBR\xbc<\xcc\xd4\xd1\x06s\x0b\x0d\xbe\
Y\x9c\x0d@\xb7\xadX\xba\xdd\xa1\xba\xd1\xc5\xf3)\xfc\
\x1b\x06\x00\xe0I\xd8z\xc0\xa5\xee\xb0\xc7\xceEY\x00\
\x14/\x8fd\xd6\x09o\x04@\xaf\xbam\xc5\x1f\x17\xd5\
\xd5\xdf~\xda\xd8\xe0r\xa63uJ\xfe7@&\xda\
r }-\xa4\x04\x08;\x0a=\xc3\xaf\x00]\x83\xe7\
\x1e\xd5\xb1\x12\x22*\xe0\xe0q\xc9\xdf\xff\xf8g)%\
@S\x8bd\xdah\x83\xf7\xa6\x9a\xac\xaeu\xe9\x0a%\
\xdf\xe7\xfb\xef\xd4XUj\xf9\x8e-\xdb\xee$\xcdF\
J\x80}\xc7<*\xeb\x1c\xca&\x9a\x14>\xaeSY\
\xe7\xb2\xad\xd1\xc5\xf59\xf1N\xb5K\x9eY\x1c\xf6\xcd\
\xc0\xf9K\xc9\xc1\x13\x01\xae\xc4MVPU\xef\xb2\xf7\
\xa8d\xc1\x14\x93E\xcf\x9b\xbc\xf0\xb4\xc1\x8a\x1a\x87\x83\
\xcd\xf1\x14\x96\x01\x17.g\xf4&\xc4y\xc4\x1fFQ\
\xbb\xd9oFk\x87dfe\x847\xd7E\xd14X\
[f\xb1\xae\xcc\x22`A\xb6\x05U\xb3,\x0e\xad\x08\
\x90\xed\xbf\x03qJ\xf4\xd0\xe3\x06\xad\xc1\x1d}\x06<\
\xf2\x12B\xf3\xed\xe0g;\x15\xd5\x8d.\xdd6Lz\
B\xe7\xae~\x1a\xfd\xf3\x04\xb7\xf7\x15T\xd4\xba\x1ci\
K\xd3\x85\xa4w\xee\xe2\xf1\x8d\xef\xd8\xe7\xbe\x8b\xf6\xde\
Jl\xd4\xe2\x81\xe9G\x8a\xac\xfc\xa1\xbb\xd2\xad$/\
(xyl\x8c\xff\xcb\xef\xbd\x8c\x1aQ\xb4\xeb\xc4\xe4\
\xd3\x9b\x1f\xfb\x96Xi\xf8\x02\x00\x98CJ[\xe7\x1a\
9\x03\x97 D0m\xd4L\xa4\x94\xed\x86\xda\xdf?\
\xb5\xe9\xc1\x0a \xeel\xd6}\x1e\x97\x7f\x1d\xad8\x12\
\xcc\x1f\xb9\xdb\xc8\x1b\x94\x870\xf2\x85\x109I`S\
I*%;\x94g\xd7\xdam{f\xb4\xed\x18S\x07\
D\x13\x1fJ\x15T\x07\x82\x80\xc9\xf5\xff)\xb9\x0aA\
l\xc56\x90\xeas\xf5\x96n\x9e\xfe\x05\x86\xd7\xaf\xaa\
\x85\xd1\xb6\xf8\x00\x00\x00\x00IEND\xaeB`\x82\
\
\x00\x00!\xd4\
\x89\
PNG\x0d\x0a\x1a\x0a\x00\x00\x00\x0dIHDR\x00\
\x00\x01\x00\x00\x00\x01\x00\x08\x06\x00\x00\x00\x5cr\xa8f\
\x00\x00\x00\x09pHYs\x00\x00\x0fa\x00\x00\x0fa\
\x01\xa8?\xa7i\x00\x00 \x00IDATx\x9c\xed\
\xddwx\x14\xd5\xfa\x07\xf0\xef\x99\xb2\x9bB\x10\x12\x11\
\x15\xb0\xd1\x04\xa4\xa8\x14\x05\x0bb\x01\x11\x90\xa2XP\
\xb1#\x086\x84\x9f\xf7^\x1b\xde\xab\xe2E\x04\x14\xf1\
b\xe1\xca\xf5\xc2U\xa4\x83 E\x04\x05\x04Q\xa4G\
)\x22\x10:\x09\x98\xb2\xd9\xdd)\xe7\xf7\xc7d\x151\
\x84d33gv\xe7\xfd<O\x9e\x87$K\xe6\xcc\
\xce\x9cw\xcfy\xe7\x14\x80\x10B\x08!\x84\x10B\x08\
!\x84\x10B\x08!\x84\x10B\x08!\x84\x10B\x08!\
\x84\x10B\x08!\x84\x10B\x08!\x84\x10B\x08!\x84\
\x10B\x08!\x84\x10B\x08!\x84\x10B\x08!\x84\x10\
B\x08!Na\xa2\x0b\xe0\x15\x17<\x9cwZJ0\
\xa5!7YC\x09f\x03\xceXC\x00\xb5\x01\x96\x01\
\xf0\x0c\x00\xb1/UlI\xc9)h\x00\x0a\xac/V\
\x00\xf0\x02\x009\x8c\xf3\x9fLH[\x99\xc4\x7f\x0aG\
\xc2?\xfd\xfcn\xe6\xaf\x82\xcb\xe9\x09\xbe\x0d\x00-\x9e\
8Z-\xaa\x07\xae\x02X\x07\x00\x1d\x004\x15]&\
\xe2\xaa\x8d\x00\x96\x00|I@\x89~\xb5nt\xf5c\
\xa2\x0b$\x82\xaf\x02@\xd3\xfe\xc7\xaa\x1b\x8a\xda\x1b`\
w\x81\xa3-\x00It\x99\x88'\x98`X\x09\xf0\xff\
\xca\xba6e\xe3;\xd5\x8e\x8a.\x90[\x92?\x00\xbc\
\xc0\xa5&y\xa1\x9b8g}\x01t\x05\x10\x10]$\
\xe2iQ\x00s\x18\xe3\x137g\xa6}\x86a\xcc\x14\
] '%m\x00h\xff\x02W\x0e\xe5\x86o\x07\xcc\
\xbf\x02\xac\x91\xe8\xf2\x90D\xc4\xb3\xc1\xa4\x97\xcf\xc8L\
\xf9d\xe90\xa6\x8b.\x8d\x13\x92.\x00\xb4\x7f\x81+\
\x07s\xc3}\x19\xf8_\x00\xd4\x15]\x1e\x92\x14vp\
\xb0Wkf\xa5LL\xb6@\x90T\x01\xe0\xa2\xc7B\
mM\x13\xe3\x004\x17]\x16\x92\x94\xd6K\x12\x06l\
z3m\xa5\xe8\x82\xd8%)\x02@\xbdA\x055\x02\
\x5cz\x0d`\xf7\x89.\x0b\xf1\x01\xce'D%\xf3\x99\
\xedoe\x1c\x16]\x94\xcaJ\xf8\x00\xd0h`Qw\
\x06\xf6\x01\x80L\xd1e!\xbe\x92\xc7\xc1\x1f\xc8\x1e\x9b\
>StA*#a\x03@\xbdA<\x180\x8b\xff\
\x09\x86\xc7D\x97\x85\xf8\xda\x18d\xa5\x0e\xdd2\x8cE\
E\x17$\x1e\x09\x19\x00\x9a\xf6/\xbe\xc0\x90\xf8\x140\
\x5c*\xba,\x84p\xe0;\xc5`\xb7m|'\xf5g\
\xd1e\xa9\xa8\x84\x0b\x00\x8d\x1f\x0d\xb5\x01\xc3<P\x93\
\x9fxK.\x18:oy+\xed[\xd1\x05\xa9\x88\x84\
\x1a\x09\xd7d`aG0,\x01U~\xe2=Y\xe0\
Xr\xd1\xa0\xf0\x0d\xa2\x0bR\x11\x09\x13\x00\x9a\x0c\x0a\
\xdd\xc1!\xcd\x05\x90&\xba,\x84\x9cD\xba\xc9\xcd\xb9\
M\x06\x85\xee\x10]\x90\xf2J\x88.@\x93A\xa1;\
8\xc7$$Hy\x89\xefq\xc6\xd0g\xf3[i\xff\
\x13]\x90S\xf1|\x85j2\xb0\xb0c\xc9'\xbf\x22\
\xba,\x84T\x80&1\xa9\xcb\xa6\xb7R\x16\x8a.H\
Y<\x1d\x00J\x12~_\x00H\x17]\x16B\xe2P\
\x04\x86\x0e^N\x0cz6\x004\xed_|\x81!\xf3\
o\x01d\x89.\x0b!\x95\x90+\x1b\xac\xb5W\x1f\x11\
z2\x09Xo\x10\x0f\x1a\x12\x9f\x02\xaa\xfc$\xf1e\
\xe92\xff\xa4\xde \x1e\x14]\x90\xd2x2\x00\x94\x8c\
\xf0\xa3A>$)0\xa0e\x80\x17\xbf&\xba\x1c\xa5\
\xf1\x5c\x17\xa0\xd1\xa3\xa1\x1e\x8ca\xba\xe8r\x10b7\
\x0e\xde\xc3ks\x07<\x15\x00\xacY}\xf2\x8f\xa0\x81\
>$9\xe5\xe9Q\xbd\xe1\xd6w\xab\x1e\x11]\x90\x18\
Ou\x01\x02\xa64\x1cT\xf9I\xf2\xcaT\x02\xf2p\
\xd1\x858\x9egZ\x00M\x06\x86\xdaq`\xb9\xe8r\
\x10\xe24IB;\xaf,*\xe2\x89\x16@\xfb\x17\xb8\
b2\x8c\x13]\x0eB\xdc`\x9a\x18\xd7\xfe\x05\xee\x89\
\x81m\x9e\x08\x00\x07s\xc3}\x19G3\xd1\xe5 \xc4\
%\xcd\x0f\xe5\x85\xef\x11]\x08\xc0\x03\x01\xa0\xfd\x0b\x5c\
)Y\xc0\x93\x10\xff\xe0\xfc/^h\x05\x08\x0f\x00\xd6\
\xd2\xdd\xb4z/\xf1\x9dz\x87\xf2\xc2\xb7\x89.\x84\xd8\
$\xe0\x0b\x5cj\x9c[\xbc\x19\xc0\x85B\xcb\xe1\x03U\
\xd3\x18\x9a\x9f'\xa1a-\x86:\xa73dVaH\
\x0dZ\x97\xbf8\xc2\x91W\xc8\xb1\xe7\x08\xc7O{9\
\xd6\xffb\x22?\xc4\x05\x97\xd8\x0fx\xf6\x96\xac\xb4\x8b\
Dn>\x22\xb4\x09\xd2$/t\x13\x07\xa3\xca\xef\x90\
\xaai\x0c][\xc9\xb8\xf1\x12\x19\xcd\xcf\x97 \x953\
\xdc\x9b\x1cX\xbf\xd3\xc4\xfc\xb5\x06\xe6\xac1(\x188\
\x865\xba\xe8H\xa8\xf3&`\xae\xa8\x12\x08\x0d\x00%\
\xdbu\x11\x9be\xa42<x\xbd\x82>W+H\x8d\
c#4\x89\x01\x17_ \xe1\xe2\x0b$<\xd9M\xc5\
\xe4\xaft\xbc\xb7PGA1\x05\x02\xbb\x99`}!\
0\x00\x08\xeb\x024\xed\x7f\xac\xba!\x07\x0e\x80\xf6\xea\
\xb3\x8d,\x01=/W\xf0X\x17\x05\x99U\xec\xbd\xb4\
y\x85\x1co\xce\xd51\xfd\x1b\x1dFR\xef\x96\xe7\xba\
\x88lD\xcf\x12\xb5!\xa9\xb0$\xa0\xb5K/U~\
\xbb\xb4i a\xea\xd0 ^\xbc]\xb5\xbd\xf2\x03@\
f\x15\x86\x17oW1uh\x10m\x1a\x08\xcf\x1d'\
\x93\xa0!\xa9\xb7\x8a:\xb8\xc0+\xc9\xee\x12w\xec\xe4\
qN\x0d\x867\x1f\x0a`\xc2\xa0 \x1a\xd4r\xfer\
6\xa8%a\xc2\xa0 \xde|(\x80sjxf \
ib\x93\xd8\xdd\xa2\x0e-\xe4\x0a\xb6x\xe2h\xb5\xa8\
\x1e\xcc\x85\x07\x1eC&\xaa\x8cT\x86~\x1d\x15\xdc\xdd\
^\x81\x22\x8b)\x83n\x00\x1f-\xd51~\x01\xe5\x07\
*\xc9\x0cG\xc3\x99?\xbf\x9b\xf9\xab\xdb\x07\x16R\x01\
\xa3z\xe0*Q\xc7Nt\xb2\x04\xdc\xdaN\xc1\xbc\xe7\
\x83\xb8\xefZq\x95\x1f\x00\x14\x19\xb8\xefZ\xab,\xb7\
\xb6S \xd3\x15\x8d\x97\x94\x1a\x0c^%\xe4\xc0\x22\x0e\
\x0a\xb0\x0eb\x8e\x9b\xd8\x9c\xee\xe7\xc7\x8b\xf2\x03v\x10\
S'D=\x06\xa4\x00P\x01\xe7\xd4`x\xba\xbb\x8a\
k\x9b\x09\xfc\xb8/\x87X~\xe0\x8b\x0d\x06^\x9f\xa9\
a\xf7a\xea\x16\x94\x97)\xa8N\xb8\xfe1r\xc1\xc3\
y\xa7\xa5\x04R\x8e\xb9}\xdcD\xe4\x85~~\xbc(\
?Pq\xe1h\xb8\x9a\xdby\x00\xd7[\x00)\xc1\x94\
\x86\xa0\xfb\xa1LN>\xcf\x8f\x09E\x80\x9d\x87\xac\x07\
\xfa\xe7\x9f!!\xcd\xe6%+c\xf9\x81\x9b\xdb\xc84\
~\xa0\x9cR\x95`\x03\x00k\xdc<\xa6\xeb\x01\x80\x9b\
\xac!c\x14\x01N\xa6M\x03\x09\xcf\xf4T\x1d{\xa4\
\xb7v\x87\x89\xf7\x17\xebX\x91m@7\xac\x9f)2\
\xd0\xae\x91\x8c\x07\xafSpI]{\x8f\x1b\xcb\x0f\xdc\
y\xa5\x8c\xe1\xd35\xac\xdeJQ\xe0d\xb8$5D\
\xb2\x07\x00\x09f\x03\xee\x9d\x85\x88<\xc3\xe9~~N\
.\xc7\xeb35,^o\x80\x9f\x10\x7fu\x03X\xb6\
\xc9\xc0W\x9b\x0d\x5c\xd7\x5c\xc6\xd3\xddU\xd4\xce\xb2\xf7\
\x1aQ~\xe0\xd48\xcc\x06n\x1f\xd3\xfd\x16\x00c\x0d\
\xdd>\xa6\x979\xdd\xcf/\x8a\x00\xe3\x17h\xf8\xefR\
\x1d\x11\xad\xec\xd7r\x0e,Zg\x05\x82\xbb\xda+\xe8\
\xd7QE\xba\xcd]\x83k\x9b\xc9\xb8\xba\x89L\xf9\x81\
R0\x01u\xc3\xf5\x8f\xe2\xc6\x03C+\x01\x5c\xee\xf6\
q\xbdF\x96\x80^m\xad~~\xf5t\xfb/\x03\xe7\
\xc0\xb4ot\xbc\xf5\x99\x8e#\xf9\xf1U\xb2\xd3\xab2\
\x0c\xbaIA\xaf\xcb\x150\x07\xee\x14\x9a_\xf0G\x9c\
ce\xf6\xdbi\xed\xdc<\xa6\x80\x00P\xbc\x11\xe0\x17\
\xb9}\x5c/\xb9\xe7\x1a\x05\x03;+HOq\xe6\xed\
_\xb3\xdd\xc4\xf0i\x1a~\xcc\xb1\xa7V]X[\xc2\
3\xbdT\xb4\xaa\xe7L^b\xeb^\x93\xf2\x03\x96\x8d\
[\xc6\xa6\xb9\xba4\x9e\x88\x16\xc0/\x00\xceu\xfb\xb8\
^pn\x0d\x86\xb1\xfd\x02\xb8\xa0\xa63\x15)'\x97\
c\xc4\x0c\x0d_l\xf8s?\xbf\xb2\x18\xb3\x9a\xefC\
z\xd8\x9f\x1f\x88\xf1}~\x80\xe3\x97-o\xa7\x9d\xef\
\xe6!E\x04\x80\x5c\xf8l\xed\xffX?\xbf\xef5\x0a\
$\x07\xea~E\xfa\xf9\x95\x15T\xe1X~\x00\xf0\xfd\
\xf8\x81\xdc-c\xd3Nw\xf3\x80\x22\x02@\x14\x80\xea\
\xf6qEp\xfay\xbe\x1d\xfd\xfcxQ~\xc0\x11\xd1\
-c\xed\x1e\x91Q6\x11\x01\xc0\x17a\xdd\xe9\xe7\xf9\
v\xf7\xf3\xe3E\xf9\x01{m\x19\x9b\xe6j\x9d\xa4\x00\
`3\xa7\x9f\xe7\x1f8\xc6\xf1\xeaTg\xfa\xf9\xf1\xa2\
\xfc\x80}\xdc\x0e\x00\xc2\xd7%O\x16n\x8d\xdb\xcf\xca\
`hv\x9e\x84U?\x19(\x0c;w\x9c\x8a\xe0\x1c\
X\xbc\xde\xc0\xd7[h\xfc@\xa2\xa1\x16@%\xb91\
n\xbf4\xb9\x05\x1cc\xe6h\x98\xb9\xda\xf0\x5c\x1f\x99\
\xf2\x03\xf1\xa3.@\x02q\xba\x9f_\x1e\xd99&^\
\x9b\xa6a\xcdv\xef\xd5\x04\xca\x0fT\x1c\x05\x80\x04\xe0\
\xc5\xf9\xf9\x8b\xd6Y}\xe4\x9c\x5co\xbd\xbd\x94\x1f\xa8\
\x18\x0a\x00\x1e\xe6\xf5\xf9\xf9\x9a\x01L\x5c\xa2\xe3\xdd\x05\
\x1a\x8a\x22\xa2K\xf3G4~\xa0|(\x00x\x90\xa8\
~~\xbcr\x0b8F\xcf\xb6\xf2\x03\xa6\xc7\xdem\xca\
\x0f\x94\x8d\x02\x80\xc78\xdd\xcf\xcf/\xe6\xa8\x9a\xea\xcc\
e\xc8\xce1\xf1\xeaT\x0d\xdf\xef\xf0^M\xa0\xfc@\
\xe9(\x00x\x84\x1b\xf3\xf3G\xcc\xd0\xb0d\xa3\x81\xf6\
\x17\xc9\x18\xdaCE\x9d\xd3\x9d\xb9\x1c\x0b~00r\
\xa6\x86\xbdy\xdez\xeb)?\xf0g\x14\x00\x04\xab\x92\
\x02<\xd2Iu}~~@\x01\xfa\x5c\xad\xe0\x91N\
*\xaa\xa4\xd8\x7f\xdc\xa8\x0e|\xb8D\xc7\xfb\x0b\xfd\x9b\
\x1f\xf8\xd7\xe7\x9ag\xc6N\x9c\x0c\x05\x00\x81\xda^(\
\xe1\x1f}\x02\xa8YM\xdc\xb8\xfd\xcc\x0c\x86\xc7nR\
pK[g\xfa\xc8G\xf29F\xcd\xd60\xfb[\xff\
\xe5\x07\x0e\x1e\xe3xvR\x14+\x7f\xf4n\xb7\x80\x02\
\x80\x00\x8c\x01\xf7_\xa7\xe0\xc9\xae\xaa#7^<\xe3\
\xf6\x1b\xd6\x92\xf0\x97^*Z\xd5w\xa6\x8f\xbcy\x8f\
U\xa6\xb5>\xcb\x0fp\x0e\x8c\x9a\xa3a\xc2b\xdd3\
C\xa9\x8fG\x01\xc0e\x8c\x01OwWqo\x07\xfb\
GEWv~\xfeo}\xe4\xee*j;\x94\x1f\xf8\
|\xad\x81\x91\xb34\xec\xf3Y~\xe0\xc3%:^\x9f\
\xa9y.\x08P\x00pY\xff\x1b\x15\x0c\xecl\xef\xec\
d\xbb\xe7\xe7\x07\x14\xe0\xee\xf6\x0a\xfaur\xa6\x8f\x1c\
\xd5\x81\x7f\x7f\xa1\xe3\xfdE\x1aB>\xca\x0f\x8c\x9d\xa7\
\xe1\x9d\xf9\xba\xbd\x7f\xb4\x92(\x00\xb8\xa8\xe3%2\xde\
\xb8\xcf\xbe\x1d\xca\x9d\x9e\x9f\x9f\x95\xc1\xf0X\x17\xe7\xfa\
\xc8\x87K\xf2\x03s|\x94\x1fxjB\x14\x0b~0\
\xec\xfb\x83\x95D\x01\xc0%\x8djK\xf8dH\xd0\xb6\
\x0d-\xdd\x9c\x9f\xef\xf43\xf4\xcd\xbbM\xbc:M\xc3\
\x0f?'\x7f~\xc00\x81\xdbFD\x90-x]\x85\
\x18\x0a\x00.\x90e`\xf9+)\xa8j\xc3{\xed\xe4\
:|eq\xe3\x19\xfa\xbc\xef\x0d\xbc1K\xc3\xfe\xa3\
\xc2/\xd9\x1f\xd8}\xee\xf9!\x8e+\xfe\x1a\x86\xe1\x81\
\x86\x80\xdb\x01\xc0\xf5\x11\xed5Z\xff\xedE\xb7\x8fy\
\xa2\xa1=T\xb4nP\xb9S/\x8aX}\xc8\xbf|\
\x14\xc5\xb6}b*\xc8\xcf\x079>]\xa1#\x14\x01\
\x9a\x9f'C\xb59\x8fY\xffl\x09\xb7]\xa1 \xa0\
0l\xdce\xfe\xb6\x93\x90\x17\xc4\xce\xbd(\x024;\
OF\xa0\x12\xe7\x1eT\x19\xd2\x83\x0c+\xb2\xc5\xb7\x02\
\x0e\x7f\xfb\xf207\x8f\xe7\xbb\x16\x80\xc4\x80\xd5#R\
\x90\x16\x8c\xef\xd49\x07f\xac\xd21f\xae\xfb\xeb\xf0\
\x95\xe5\xf4\xaa\x0c\x8fuQ\xd1\xf32\xd9\x91\xfc\xc0\xa1\
_\xad\xfc\xc0\xdc5\xde\xcc\x0f<\xdeEA\x8f\xcb\xe2\
\xcf\x0f\x84\x22\x1cm\x86\x84\x85\x9f\x9b\xdb-\x00\xdfm\
\xe6~ec9\xee\xca\x0fX\xcd\xcf\x16\xe7\xcb\xb8\xb0\
\xb6\xb7\xde\xba#\xf9\x1c\xcfO\x8e\xa2\xf7\x88\x88#c\
\xff\xcf8\x8d\xe1\xd5\xbb\x03\x98<8\x88\x16\xe7{\xeb\
\xdc/\xac-\xa1\xc5\xf9\x95\x0b|iA\x86+\x1b{\
p\x8a\xa7\xc3|\xd7\x02x\xbb_\x00\xed/\xb2\xe7B\
\x7f\xb5\xd9\xc0?\xa7k\xd8y\xc8[\x1f\x89\x8c\x01\xd7\
7\x97\xf1t\x0f\x15\xb52\x9d\xcb\x0f\x8c\x9c\xa5\xe1\x80\
\xc0\xfc\xc0\xf9g0\x0c\xed\xa9\xe2\xaa&\xf6\x5c\xcf\xa5\
\x9b\x0c<:>j\xcb\xdf\x8a\x17%\x01\x1d\x94\x91\xca\
\xb0bx\x8am\x99\x7f\xc0\xca\x22OZ\xa6\xe3\x9d\xcf\
u\xe4\x8b\xcfo\xfeAP\xb5v!\xea\xd7QE\xaa\
}O;\x7f\x13\xd6\x80\x7f/\xd6\xf1\xc1b\x0d\xc5.\
\xd6\x9b\xaai\x0c\xfd;)\xe8s\xb5b\xfb\xb5l\xf7\
LX\xe8z\x02\xd4\x05pP\xbbF\x92\xad7\x0c`\
\xad\x15p\xcf5\x0a\xe6?\x1f\xc4\xedW\xda{CV\
VD\x03\xde[\xa8\xe3\xc6aa\xccXe\xffS\x8a\
\x14\xd5\x1aH\xf5\xd9s)\xe8\xd2R\x86\xe4\xf0\xad+\
K\xc0\xedWZ\xef\xf5=\xd7\xd8\xff^\xcb\x92u\x8f\
\xf8\x89\xaf\xce\xf6\x92\x0b\x9c;\xddj\xe9\x0c\xcf\xf5V\
1\xed\x99 .k\xe8\xad\xb7\xf5p\xbe5\x09\xe6\xb6\
\x11\x11G\xc6\xfe\xd7\xac\xc6\xf0Z\xdf\x00&=\x15D\
\xf3\xf3\x9c9\xf7\xcb\x1bJ\x98\xf6L\x10\xcf\xf5VQ\
\xcd\x81\xcdTc\x9c\xbcG\xbc\xc8Wg\xdb\xd0\x85\xc5\
;\xeb\x9f%\xe1\x83\x81A\xbc\xf5P\x00\xe7\xd4\xf0\xd6\
\xeaA\x9b\xf7\x98\xb8gL\x04\x83\xff\x1dud\xec\x7f\
\xb3\xf3$L\x1e\x1c\xc4k}\xed\x9bQyN\x0d\x86\
\xb1\x0f\x07\xf0\xfe\xc0 \xea\x9f\xe5\xfc\xf5s\xe3\x1e\xf1\
\x12_\xed\x0bP\xcb\xa1\x013\xa5\xe9\xd0L\xc6UM\
d\xfcg\xa9\x8e\xf1\x1e\x9a\x87\xce\xb95\x01h\xe9F\
\x03};(x\xe8\x06\xfb\xf3\x03]Z\xca\xb8\xae\xb9\
\x8c\x0f\x16i\x98\xf0\x85\x8ep\x1c\xf9\x01Q\xeb/\xba\
y\x8fx\x81\xaf\xc2]\x86CKo\x9d\x8c\x22\x03\xf7\
_\xab`\xfe\xf3)\xb8\xa5\xad\xb7\xf2\x03a\x0d\x18\xbf\
@G\xe7\x97\xc2\x98\xb5\xda\xfe\x11>)*\xf0hg\
\x15\xf3\x9eK\xc1M-\xcb\xff\x88N\x96\x80[\xda*\
\x98\xf7\x5c\x10\xf7]\xeb\xfe\xe2\xabn\xdf#\xa2\xf9\xea\
)\xc0w#S\x1d\xc9\x86\x97Wv\x8e5_\xe0;\
\x0f\xae\xe1\xdf\xe4\x1ck\xfd\x81\x8b\x1d\xea\x03\xaf\xff\xc5\
Z\x9fp\xe3\xae\x93\x9f{\xcbzV\x19D\x8e\xb1(\
\x8e\x02-\x07\x17\x0b;>=\x06tPE\x02\x00\xe7\
pdD\x1d\x00,\x5cg\xe0\xf5\x19\xde\x5c\xa3\xaf\xd3\
\xc52\x06wWqVugN~\xf6\xb7\x06F\xcf\
\xd1p\xf0\xd8\xef\xe7^;\x8bapw\x157\xb4p\
\xe6\xe3\xbe\x22\xd7\xd2o\x01\xc0C\x8dRo\x09k\xc0\
+S5G\x9e\xed\xdf\xd0B\xc6\xdc\xe7R\xf0xW\
\x15\xeen\x06]6\xce\x81\xf9k\x0dt\xf9{\x18o\
\xcd\xd5\xe2\xea\xbb\x9fJ\xb7\xd62\xe6=\x97\x82G:\
)\xc8\xaa\x02<\xd1U\xc5\x9cgS\x1c\xa9\xfc\xf9!\
\x8e\x97?\xd5\x10\xb6aM\x86dE-\x80\x93\x88}\
\x12TKgx\xb4\xb3\x82\xdb\xaep\xa6\x0f\xef\xe59\
\xf85\xab1<\xdeU\xc5\xcd\xad\x9d\xf9d6M@\
r\xe0=5L\xe0\x93\xe5:\xde\x9e\xa7\xe3X\x11\x8f\
\xeb\xba\x8bB-\x00\x8f9Vd}\x8a\xf4\x1c\x1eq\
d1\xc9\x1aU\x19^\xb9+\x80\xffyp\x8c\xfd\xc1\
c\x1c\x7f\xfd(\x8a\xdb_\x8f`\xddN\xfb\xcf\xdd\x89\
\xca\xbf\xf2G\x13=\x87G\xf0\xf2\xa7\x1a\x8e\x15y,\
\xa2z\x90\xb7\xee8\x0f\xdb\xbe\xdf\xc4\xc3\xe3\x22\x180\
>\x8a]\x0e\xac1\x7f\xd1\xb9\x12&=\x15\xc4\x88{\
\x038\xd3\xa1\xfew\xbc6\xee2q\xd7\xa8\x08\x86|\
\x18\x15:\xf6\xbf,\xbb\x0es\x0c\x18\x1f\xc5\xc3\xe3\x22\
\xd8\xbe\xdf{IV\xaf\xf2\xd58\x80\xca\xe2\x1cX\xb6\
\xc9\xc0\xcal\x03w^\xad\xa0\x7f'\xc5\xf6\xc7F\x9d\
/\x95\xd1\xa1\x99\x8c\x09%c\xec\x9d\xe8\x87\xc7\x83s\
k\x02\xd0\x92\x8d\x06\xee\xbbV\xc1\x83\xd7\xa9H\x11\xf8\
D%\xa6\xa0\x98\xe3\x9d\xcfuL^\xa6C\xf3\xd0z\
\x05\x89\x82Z\x00q\x88m\xc2\xd9\xf9\xa5\x08\xa6\xac\xd0\
m\xef\xbb\xa7\xa8\xc0\x80\x1b\x15\xcc+\x19c\xef\xd4\xd3\
\x88x\x84\xa3\xc0;\xf3ut\xfe{\x18s\xd6\x88\xab\
q&\x07\xa6\xac\xb0\xae\xc1\xc4%T\xf9\xe3E\x01\xa0\
\x12\xf2\x0a9\x86}\xac\xa1\xd7k\x11|\xbb\xcd\xd91\
\xf6M\xcf\xf5\xd6\xa5:x\x8c\xe3\x99\xffDq\xc7\xc8\
\x08\xd6\xff\xe2n\x93{\xf5V\x13\xbd^\x8b`\xd8\xc7\
\x1a\xf2\x0a\xbd\xd9%I\x14\xde\xba\xab\x12\xd4\xd6\xbd&\
\xee\x7f+\x82\xc7\xdf\x8f\x22\xe7\x88\xfd7d\xf3\xf3$\
|\xfct\x10\xaf\xde\xed\xcc\xaeE\x95\xb1\xe1\x17\x13}\
\xde\x88`\xe8\xc4(\x0e;\xbcBR\xce\x11\x8e\xc7\xde\
\x8b\xe2\x81\xb1\x11l\xddK\xfd|;P\x0e\xc0&\x9c\
\x03\x8b\xd7\x1b\xf8j\xb3\x81\xbb\xafQ\xf0HG\xfb\x9f\
\xf1wk-\xe3\x86\x162\xde[\xa8\xe1\xc3%\xbag\
\x9eo\x07\x15\xa0N\x16CF\x8a3\xc1\xa9(\x02\x8c\
\xff\x5c\xc3GKuD\xbd\xb5\x8c\x7f\xc2\xa3\x00`\xb3\
\xa8\x0e|\xb0H\xc7\xac\xd5\x06\x1e\xef\xaa\xa2G\x1b{\
\xfb\xf0)\x01`P\x17\x15\xbd\xda*\x189K\xc3\x82\
\x1f\xdc]\x8d\xf8x\x8c\x01\x1d/\x961\xf8f\x15g\
;\xb0\xf2\x10\xe7\xc0\xf4U\x06\xde\x9c\xabyj\xfd\xc5\
dB\x01\xc0!G\xf29\x9e\x9b\x14\xc5\xff\xbe\xb2\xc6\
\xb7_R\xd7\xde\xde\xd6\xd9\x99\x0c#\xef\x0b\xe0\xce\xab\
\xac\xf9\x05[\xf6\xb8\xdb$nR\xc7Z\x9f\xdf\xee\xf3\
\x8a\xf9~\x87\x98\xf3\xf2\x1b\x0a\x00\x0e\xdbR2\x07\xff\
\x86\x162\x9e\xeen\xff'\xe5\xa5u%L\x19\x12\xc4\
\x8c\xd5\x06\xc6\xccq\xfe\x93\xf2\xf4\xaa\x0cOtU\xd1\
\xdd\xe6\x96M\xcc\x91|\x8eW\xa6jX\xb8N\x5c\xcb\
\xc6O(\x00\xb8\x80s`\xc1\x0f\x06\x96mrf\x0e\
>c@\xcf\xcbdt\xbcX\xc6\xf8\x05\x1a>\xfa\xd2\
\xfe\xberP-\xd9\x9f\xd0\x81\xdcF\xccg\xdf\x19x\
~r\xd43\xb9\x0d?\xa0\x00\xe0\xa2\xd8\x1c\xfc\x19\xab\
\x0c<\xd1\xcd\xfe1\xf6\xe9A\xe0\xa9n*z\xb7U\
0b\xa6=\xbb\x15\xb9\xb1\x03\xd1\xd6}\xd6\x90c\xaf\
l\xcf\xe5'\x14\x00\x048\xf4\xabu\xc3\xff\xef+\xab\
\x1fm\xf7\x1c\x80\xda\xa73\x8cy0\x80o\xb7Y{\
\xfc\xc5\xfb\xc8\xaca-+\x7f\xd1\xaa\xbe3\xfd\xfcu\
;\xad~~Yk\x04\x10gQ\x00\x10(6\xc6\xbe\
\xf3\xa5V&\xdd\xeeg\xfc\xad\xebK\x98\xf6\x7fAL\
]\xa9\xe3\xad\xb9z\xb9\x07\xcddV)\xd9\x85\xb8\xad\
\xe2\xc8J\xbf\x07\x8fq\x8c\x9c\xa5a\xde\xf7\xd4\xcf\x17\
\x8d\x02\x80`\x9c[}\xdf%\x1b\x0c\xdc\x7f\x9d\x8a\xfb\
\xafS\x90\xa2\xda\xf7\xf7%\x06\xf4n\xa7\xe0\xc6K\xe4\
S\x8e\x99We\xa0\xcf\xd5\x0a\xfa\xdf\xa8\xa2J\x8a}\
e\x88\x09k\xa8\xd4:\x81\xc4~\x14\x00<\xa28\x0a\
\xbc=O\xc3\xb4ot\x0c\xbeYE\xe7K\xed\xcd\x0f\
d\xa42\x0c\xed\xa1\xa2w;\x05\xff\x9c\xa1\xe1\xab\xcd\
\xbf\x7f\xfa2\x06\x5c\xddD\xc6\xd0\x9e*\xceuh%\
\xe3\xcf\xbe3\xf0\xc6l\xb1;\x09\x91?\xa3\x00\xe01\
\x07\x8er\x0c\xf90\x8aI\xcb$\xfc\xf5\x16\x15M\xce\
\xb1\xb7\xff}\xde\x19\x0c\xe3\xfa\x05\xb0\xf2G\x13\xc3\xa7\
E\xc1\x18\xc3\xff\xf5T\xd1\xf6Bg\xfa\xf9\x9bvY\
y\x08'\xd6\x13 \x95G\x01\xc0\xa3\xd6\xed4q\xfb\
\xeb\x11tm-\xe3\xc9n*jT\xb5\xf7\x93\xb9\xed\
\x85\x12f\xff\xcd\x81v~\x89\xc3\xf9\x1c\xa3fi\x98\
\xe3\xc1\xdd\x84\xc9\xef(\x00x\x98\xc9\x81Y\xab\x0d,\
Zg\xe0\xa1\x1bT\xdc\xdbAA\xc0\xe3W,\xaa\x03\
\x1f.\xd1\xf1\xdeB\x0d\xa1\x88\xe8\xd2\x90S\xf1\xf8\xed\
D\x00 \x14\x01\xc6\xcc\xd10m\xa5\xee\xe8\xea\xb9\x95\
\xb5\xe0\x07\x03o\xcc\xd2\x90\x93K\x1f\xf9\x89\x82\x02@\
\x02\xc9\xc9\xe5x\xf2\x83(Z\xd5\xb3\xc6\x0f\x88\x5c?\
\xffx^\xde\xef\x80\x94\x8d\x02@\x02Z\xb3\xddD\xef\
\x11\x11\xf4\xb8L\xc1\xe3]\x14df\x88Y# \xaf\
\x80c\xf4\x1c\x0d3W\x1b0\xa8\xee'$\x0a\x00\x09\
\xca0\x81\xa9+u|\xbeVG\xbfN*\xeeqq\
\x0f=\xcd\x00\xfe\xf3\xa5\x8ew\x17xg\xcfC\x12\x1f\
\x0a\x00\x09\xae0\x0c\x8c\x9c\xa9\xe1\xd3\x15:\x86tW\
\xd1\xa1\x99\xb3Q\xe0\x8b\x0d\x06F\xcc\xd0\xb0\xc7\x81\x95\
\x8f\x88\xfb(\x00$\x89\xdd\x879\x06\xbd\x17\xc5e\x0d\
\xad\xfc\x80\xdd[io\xddg\xf5\xf3Wo\xa5\xb6~\
2\xa1\x00\x90dV\xfdd\xa2\xd7\xf0\x08ni\xab\xe0\
\xb1.\x0a\xaa\xa5W.?p\xb4\x90\xe3\xad\xcftL\
]\xa9S??\x09Q\x00HB\xb1\xad\xb1\xe6}o\
`\xc0\x8d\x0a\xfa\x5c]\xf1m\xcd\x0c\x13\x98\xb4L\xc7\
\xb8\xf9:\x0a\x8a\xa9\xb9\x9f\xac(\x00$\xb1\x82b\x8e\
\xd7\xa6k\x98\xb2\x5c\xc7\xac\xbf\xa5\x94;\x08\x18&p\
\xf3\xcba\xec<D\x15?\xd9y\xe3A2q\xd4\xce\
C\xbcB+\x04EuP\xe5\xf7\x09\x0a\x00\x84\xf8\x18\
\x05\x00B|\x8c\x02\x00IzQ\xbd\xfc\xdd\x99\x8a\xbc\
6\x19P\x00 Io\xdb\xbe\xf2W\xea\x8a\xbc6\x19\
P\x00 I\xaf\x22\xbb\x18\x8b\xdc\xf1X\x04\x0a\x00$\
\xe9\xcd\x5c\xad\x97k\xe5\xe1\x8d\xbbL\xcc\x5c\xed\xaf\xcd\
\x07)\x00\x90\xa4\xa7\x1b\xc0\x80\xf1\xd12\x83\xc0\xc6]\
&\x06\x8c\x8fB\xf7W\x03\x80\x06\x02\x11\x7f\xc8+\xe0\
\xb8kT\x04\xdd\xdb(\xe8\xdaJF\xfd\xb3\xad!\xd2\
\xdb\xf6q\xccYc`\xe6j\xddw\x95\x1f\xa0\x00@\
|D7\xac)\xd4SW\xfa\xab\x99_\x16\xea\x02\x10\
\xe2c\x14\x00\x08\xf11\x0a\x00\x84\xf8\x18\x05\x00B|\
\x8c\x02\x00!>F\x01\x80\x10\x1f\xa3\x00@\x88\x8fQ\
\x00 \xc4\xc7(\x00\x10\xe2c\x14\x00\x08\xf11\x0a\x00\
\x84\xf8\x18\x05\x00B|\x8c\x02\x00!>F\x01\x80\x10\
\x1f\xf3U\x00\xa8\xc8\xd6V\x92\x98\x1d\xb7\x09q\x95\xaf\
\xd6\x03((\xe6\xa8\x92R\xbe\x9a\x1dT\x81\xd4\x00P\
\x1cu\xb8PIN\x91\xf1\x87E8\x02JbD\xd6\
\xa8\xce}\xb1X\x88\xaf\x02\xc0\xde\x5c\x8e\xb3\xaa\x97\xff\
\x06lXK\xc2\xba\x9d\xb4#f\xbc23\x18\xc6\xf5\
\x0b\xa0\xe9\xb9\x89\xd7\xd0L\x0d0\xb4\xac\xc7\xd0\xb2\x9e\
\x84[\xda\xca\x180>\x8a\xbc\x82\xe4[18\xf1\xae\
L%\xfc\xb4\xb7b\x95\xf9\xc6Ke\x87J\x92\xfc\x14\
\x19\x09[\xf9O\xd4\xf4\x5c\x09\xe3\xfa\x05\xa0$\xe1\xed\
\x90\xf8W\xa7\x02\xd6\xfe\x5c\xb1\x00pk[\x05\xe7\xd7\
L\x8c&\xab\xd7to\xa3$E\xe5\x8fiz\xae\x84\
\xeem\x92\xaf\xc1\x9c<W\xa8\x1cVd\x9b\x15\xea\xcb\
\x05U\xe0_\xfd\x83\xa8}:\x05\x81\x8a\xea\xda*\xf9\
>.\x93\xf1\x9c|\x15\x00\x0a\x8a9\x96gW,\x9b\
S;\x8ba\xca\x90 :_*\x83Q\x1c(\xb7\xd8\
\xaa\xbb\xc9$\x19\xcf\xc9W\x01\x00\x00>Y^\xf1t\
\xeeii\x0c#\xee\x0d\xe0\xdf\x8f\x05\xd1\xa8\xb6\xef\xde\
2\x92\xc4|w7/\xdfb`\xdb\xfe\xf82\xfb\xad\
\xeaI\xf8th\x10/\xdd\x19\xc0\xe9U\x93\xef\xd3\xc0\
N\xc9\xb8\xc7^2\x9e\x93\xef\x02\x80\xc9\x811s\xe2\
_\x17\x9e1\xa0\xd7\xe52\xe6=\x9f\x82\x07\xaeW\x10\
Tm,\x5c\x12I\xc6=\xf6\x92\xf1\x9c|\x17\x00\x00\
`\xe9&\x03\xcb\xb7T\xeeb\xa6\x07\x81\xa7\xba\xa9\x98\
\xfd\xb7\x14\x5c\xdf\x82\xf2\x03'*\xef~|\x89\x22Y\
\xf7\x0d\xf4e\x00\xe0\x1cx\xe9\x13\x0d\x85\xe1\xca\xff\xad\
\xdaY\x0c\xa3\x1f\xa0\xfc\xc0\x89\xca\xb3\x1f_\xa2H\xe6\
}\x03\x93\xef\xc1f9\xed\xcd\xe3xvR\x14\xa3\x1f\
\x08\xd8\xf2\xf7b\xf9\x81\xe9\xab\x0c\xbc9W\xc3\x91\xfc\
\xe4\xeb/VTi\xfb\xf1\xd1P`o\xf1m\x00\x00\
\x80E\xeb\xac\xca\xfaX\x17{:\xf2\xb1\xfc@\xa7K\
d\x8c_\xa0\xe1\xbfKuD4[\xfet\xc2\xa2\xfd\
\xf8\xbc\xcd\xf7m\xd6w\x17\xea\x98\xf0\x85\xbd7'\xe5\
\x07H\xa2\xf0}\x00\xe0\x1cxc\x96\x86\x9135p\
\x9b[\xed\x94\x1f ^Gw%\xac 0\xe1\x0b\x1d\
\x0f\x8c\x8d\xe0\xe01\xfb\xfb\xee4~\x80x\x15\x05\x80\
\xe3\xac\xdej\xa2\xcb?\xc2x\x7f\x91\x8e\xa8\xcd]V\
\x1a?@\xbc\x88\x02\xc0\x09B\x11`\xd4l\x0d]\xff\
\x11\xc6\xc2u\xf6\xa7~)?@\xbc\x84\x02\xc0I\xe4\
\xe4r<\xf9A\x14}\xc7D\x90\x9dc\xff\xb3l\xca\
\x0f\x10/\x10q\xe7%\xd4\x83\xb1\xef\xb6\x9b\xb8mD\
\x04\xcfN\x8a:\xf2l\x9f\xf2\x03\xe48\xae/@\xe7\
~\x00\xe0\xbc\xd0\xf5cV\x92a\x023V\x19\xe8\xfc\
R\x18\xef-\xa4\xfc\x00q\x8a\xfbuC@\x0b \xf1\
\x02@LQ\x04\x18=\x87\xf2\x03\xc4!\xa6Y\xe4\xf6\
!\xa9\x05\x10\x07\xca\x0f\x10g\xf8\xa2\x05`&|\x00\
\x88\xa1\xfc\x00\xb1\x93\xc9\xdd\xaf\x1b\xae\x07\x00\xd3\xd4\xf6\
\xbb}L'Q~\x80\xd8\x85q}\x9f\xdb\xc7t\xbf\
\x05\xa0\x85\xb7\xbb~L\x17P~\x80T\x96\xa1\xbb_\
7\x5c\x9f\x0d\xa8kE;\x02\xa9\x99n\x1f\xd65\xb1\
\xfc@\xcbz\x12\x9e\xe9\xa5\xda\xde\x87\x8f\xe5\x07\xd6l\
7\xf1\xda4\xcd\x91\x1cDE\xd4\xac\xc6pec\x19\
\xb5\xb2\x18\x8a\xc2\x1c\xebw\x9a\xf8~\x87\x09\x93fC\
W\x98\xa9\x15\xeep\xfb\x98\xae\x07\x00#\x94\xb3\x1dU\
\xeb\xb8}X\xd7\xc5\xf2\x03\xddZ\xcbx\xa2\xabj{\
\x1f^\xf4\xfa\x03\x99\x19\x0c\x83nR\xd0\xebr\x05\xf2\
\x091n\xeb>\x13\xcfN\xd2\xb0yw\xe2/\x06\xe2\
&#?\xc7\xf5\x16\x80\xeb]\x80\xbc\xad3\xb6\xb9}\
LQ\x921?\x10P\x80\xfb\xaeU0\xff\xf9\x14\xf4\
n\xf7\xe7\xca\x0f\x00\x0d\xce\x96\xf0\x9f'\x82hq>\
=\xc1\xa8\x88\xbc\x1d3]\x0f\x00\x22z\x92\x99\x8d\x07\
\xe4/\x87\xa44\x12pl\xa1jg1\x0c\xee\xae\xe2\
\x86\x16\xcel0\x91\x93\xcb\xf1\xfaL\x0d\x8b\xd7\x1b\x7f\
\x9a\xda\xfc\xdd\xc8T\xa4\x96s\xf1\xa3\xe2(\xd0rp\
\xf1\x1f~\xc6\x18\xd0\xa1\xa9\x8c!=T\xd4)\xe7F\
){\xf38\xba\xfc=l{\xe0KF\x9c\xeb[\xb2\
\xdf\xaez\x05\x80\xa3n\x1eWD\x88\xe6\xa6\x1e\xfaZ\
\xc0q\x85K\xd4\xf1\x03\x0dkI\x980(\x887\x1f\
\x0a\x94\xbb\xf2\x03@\xadL\x86\xeb\x9a'\xdfn:N\
\xe0Z\xe8k\x00\xaegN\x84\x04\x00\xbd\xe8\x80/\x03\
@L\xa2\x8c\x1f\xc8\xca`\x18v\x87\x8ai\xff\x17D\
\xeb\xfa\xf1\xdd*\xf1\xfe?\xbf\xd1C\xfb\x85\x04\x00\x11\
\xe1YU\x02\xea\xd1\xb4:\xd7\x0f\x84\x98.\x88'p\
\x0e\xfc\x98\xc3\xf1\xe9\x0a\x1d\x00C\xd3s\xa5R\xfb\xd3\
\xf1b\x0ch\x5cGB\xef+\x14\x98\x1chUO\x86\
Z\xce\xab\xad\x1b\x80\xc1\x81Q\x0fX\xfd\xf8\xca<r\
\xdc\x9b\xc7\xb1\xe0\x87$]Q\xd3>\xe6\x81\xd5\xaf\x0e\
\x8d\x1c\xfa\xae\x08.O\x08\x12Q\x01\xd3\x00\xa45\x1a\
pl.\x93\x02m\x04\x1c\xdf\x93\x9c\xce\x0fp\x8er\
W\xe4\x8a\xbc\xf6T&-\xd3\xf1\xca\xd4\x84\x9a\x00\xea\
:nFWg\x8f\xab\xd6\x05@\xa8\xe4\xcb5\x22\xda\
g\x06\x00\x18\xe1#\x9f\x0a8\xb6g9\x9d\x1f\xa8H\
\x85\xb6s\x90\xd1\x8alz\x14x*F\xe8\xf0\x94\xd8\
?\xdd>\xb6\xb0\x00pt\xdd\xdb\xb3 `\xfe\xb3\xd7\
9\x9d\x1fp\xd3\x96=f\x85wc\xf6\x1f\x1e=\xba\
a\xdc\xec\x92o\x5c\x7f\xb3D\xe4\x008\x80\xb4\xd0\xfe\
U\xe1\xacK\x9el\xca$\xb5\x81\x802x\x9a\xd3\xf9\
\x017\x1c\xc9\xe7\xe8\xff\xaf(\x8e\xba>\xc15\xb1\x98\
Z\xf1\xbc\xdds{~R\xf2\xad\x0f\xa6\x03[\x01@\
\x07\x00\xbdp\xcf\xc7\x02\x8e\x9f0\x9c\x9e_\xe0\x94/\
7\x1a\xe8=\x22\x82]\x87\x13\xbb\x05\xe3\x06\xe3\xf7:\
\xa0C\xc0S\x00QY\xf8t\x00\xa9\xa8RSj\xd4\
w\xdb\xd7\x8c)\xd4\x0a(\x07\xa7\xe6\x17\xd8e\xdb~\
\x13\xc3\xa7iX\xf5\x13\xf5\xfb\xcb\x83s}k\xf6\xc4\
\xfaW\xa2\xf0\xa0\x09\xa0\x18>i\x01\x00\xb1u\x01\x0b\
\x0f\x9aZ\xe1\xbe\xd1\x82\xca\x90p\xbc\x9a\x1f8Z\xc8\
1\xecc\x0d\xbd\x86G\xa8\xf2W\x80^\xb4oTI\
\xe5\x07\x04\xad\x95)\xaa\x05\xc0\x00d\x01@z\x8d\xc6\
\xca9\xb7\xae\xfa\x86I\xcay\x82\xca\x92\x90\xd2\x83\xc0\
C7\xa8\xe8\xdbAA@\xd0\x0e\x8f\xba\x01|\xb4T\
\xc7\xf8\x05:\x0a\x8a\xbd\x13\x90\x12\x01\xe7\xfa\xce\xddS\
.k[txKl\xa0t.|2\x10(F\x05\
 k\xa1\xc3f\xf5&\x0f\x86\xe4@F'\x81eI\
8\x9a\x01\xac\xdaj\xe2\xb3\xef\x0c\xd4\xac\xc6P\xf7L\
w\x1bs_l00\xe8\xbd(\xe6\xaf5h\xac\x7f\
\x1c\xf4\xd0\x81\x17\x0f\xacxn}\xc9\xb7\x1a\x00\x1b6\
\xab\xaf8\x91#\xf1R\x00T\x01~k\x05,f\x92\
\xd2D`y\x12\x9a[\xf9\x81\xad{M\x0c\x9f\xaea\
\xf5Vj\xea\xc7\x8b\x9b\xfa\xa6\xdd\x9f^v\xfdq\x9f\
\xfe\x85\xf0a\x00\xf8\xad\x1b\x00\x00uo[\xde*X\
\xe3\x92y\x02\xcb\x93\xf0d\x09\x8e\xad?\x90W\xc81\
f\x8e\x8e\x19\xabt\x18T\xf7+\xa5\xe8\xc0\xb7\x9dw\
Mm\xbf\xa6\xe4[\x0e \x0f\x02\x9a\xff\x80\xf8\xb1\xf8\
\x19\x00\x82\xb1o.|\xf8\xe0\x18)\x90q\xa7\xc0\xf2\
$\x85\xf4 \xf0pG\x15w^\xa5 -x\xea\xd7\
\x97%\x14\x01&\x7f\xa5\xe3\xfdE\xd4\xcf\xb7\x83\xa9\x15\
L\xfaq|\xcd'\x8e\xfbQ\x04@\x81\xa8\xf2xa\
\xae\xe6\xef\xb7h\xcaik\xd2\xcf\xbc\xbc\x0f\x18K\x15\
X\x9e\x84\xa7\x19\xc0\xaa\x9fL|\xfc\xb5\x81\x03\xc78\
2R\x19jVc\xe5\x1e\xe2kr`\xddN\x13\x13\
\x16\xebxv\x92\x86e\x9b\xa8\x9fo\x0b\xce\x8f\x1e\xfe\
~\xf4\xdd\xa1\xbd\xcb\x8e_l!\x04\x01#\x00cD\
\xb7\x00\x00\xa0:\x8e\x0bDu\xefZ\xdf9X\xad\xfe\
D\x81\xe5IJ\x19\xa9\x0c\xcd\xcf\x97\xd0\xa86\xc3\x15\
\x8dd\xd4;\x8b\xa1J\x8au\xf9\x0b\xc3\x1c\xdb\xf7s\
\xac\xc86\x90\x9d\xc3\xb1n\xa7I\x9f\xf6\x0e\x88\x1c\xdb\
\xd6w\xc7\x7f\x9b\x1f\xdf\xcd5\xe0\xf2\x02 '\xf2B\
\x00\x08\xc2\xea\x0a\xfc\xe6\xc2\x87\x0e\xbc\x22\x05\xab>$\
\xa8<\x84\xd8\xce\x8c\xe6\xbf\xfb\xe3\xbbg\xfe\xed\x84\x1f\
\x17\xc0\xea\x02\x08\xe3\x85!e\x11\x9c\xd0\x04\xda\xfd\xf9\
\xdd/\xc2\xd0\xd7\x9f\xe4\xf5\x84$\x14nj\xebv\xcf\
\xef5\xec\x84\x1f\x1b\x10\x5c\xf9\x01o\x04\x00\xc0\x1a\x06\
\xf9\x9b\xd0\x9eE\xd1\xc2\x1ds\x1e\x00x\x9e\xa8\x02\x11\
b\x0f\x9eW\xb4}\xee\x83\xa1=+N\x9c\xf9Z\x5c\
\xea\xcb]\xe6\x95\x00\x10F\xc9\x04\xa1\x98\xdd\x0b\xfb\xec\
*>\xb0\xea\x0ep\xee\xea\x02\x09\x84\xd8\x86\xf3P\xf1\
\x81Uw\xec^\xd8g\xd7\x09\xbf\xd1!\xe8\xb9\xff\x89\
\xbc\x12\x00\x80R&B\xec\x9cz\xed\xda\xe8\xd1\xec{\
qBp $\x01h\xd1\xa3\xd9\xf7\xee\x9cz\xed\xda\
R~\xe7\x99\xfd1\xbd\x14\x00J\x1d\x0e\xb9}r\xcb\
/\xb5\x82]\x8fB\xd0@\x09B\xe2\xc0\xb5\x82]\x03\
\xb7On\xf9e)\xbf\xfbSkW$/\x05\x00\xc0\
z&\xfa\xa7\x8a\xbemb\xa3\xe9Z\xc1\xaeG\xe0\xa1\
7\x8e\x90\x93\xd0\x22\xbf\xee\xea\xb7mb\xa3\xe9\xa5\xfc\
\x8e\xc3\xe55\xffN\xc5\x0b\x8f\x01O\x14\x00P\xb5\xb4\
_\xd4\xbb\xf3\xbbk\x02\xd5\x1b}\x08\xc6\xd2\x5c.\x13\
!\xa7\xc6y(z4\xfb\xde\x93|\xf2\x03@><\
\xb6\x0c\x9e\xd7Z\x00\x80\xf5\x06\x95\x9a!\xdd>\xb9\xe5\
\x97\xa1\x03\xab{\xd2\xd3\x01\xe2=<\xaf\xf8\xe0\xaa\x1e\
eT\xfebx\xac\xf2\x03\xde\x18\x0a\x5c\x1a\x1dVK\
\xe0O\x01\xeaX\xf6\xc4\xfd\xa9\xd5\x9a\xccQ\xab\xd7k\
\xcd\x98|\xa6\xfbE#\xe4\x8f\xb8\xa9\xad+\xda6\xfb\
\xd6]sn\xfe\xf1$/\xd1!p\xbc\x7fY\xbc\xd8\
\x05\x88\x91\x01T\xc3I\xca\x98V\xe7\xfa\xc097~\
\xf4\x82\x14\xa8\xfa\xb0\xbb\xc5\x22\xe4wf4\x7f\xfc\xee\
\xf9\xbd^*\xe59\x7f\x0c\x07p\x0c\x02\xc7\xfb\x97\xc5\
\xcb\x01\x00\xb0\xb6/?\x0de\x94\xb3\xee]\xeb;\x07\
O\xab7\x1a\x8cUw\xafX\xc4\xf78?\x1a\xf9u\
\xfb\x13'\x8c\xed\xff\xd3\xab\x00\xfc\x0a\x0f'\xaf\xbd\xda\
\x05\x881a\xbdy)'{\xc1\xd1\x0d\xff\xda\xc6\x03\
\xa9\x93S\xb3\x9af29\xd8\xd4\xbd\xa2\x11\xbf2\xb5\
\x82I\x87\xbf\x1f}\xf7\xde\xf9\xb7o8\xc5K\xf3\xe1\
\xe1\xca\x0fx\xbf\x05\x10\xf3\xa7\x09C\xa5\xa9{\xdb\xf2\
V\x81\xacf#he!\xe2\x04n\xea\x9b\xa3\xb9\x1b\
\x86\xec\xf8\xe4\x8a5\xa7~\xb5\xf8\x89>\xe5\x91(\x01\
\x00(g\x10H\xaf\xd1X9\xbb\xcb\xec\xdeJ\xea\x19\
O\xd2B\xa3\xc4\x0e\xdc\xd4\x7f\xd1\x8b\x0f\x8d\xda7\xb7\
\xdb\x94\xe3\x96\xf1*KBT~ \xb1\x02\x00`=\
\x19\xc8@9\xca\x9d^\xa3\xb1r\xf6M\xd3\xbb+\xe9\
g?I\xfb\x0e\x90xpS\xffI/\xdc;j\xdf\
\xfc^\xb3\xcaY\xf19\xacf\x7f\xc2\xec\x86\x9ah\x01\
\x00(Gb\xf0\x0f\xaa\xd4\x94\xea\xdf\xfc\xf9ur\x95\
:\xb7KjZGXA\x84\x90\x93\x89\x9aZh\x81\
Q\xb8\xe7\xe3m\xb3:->n\xdd\xfeS\xf1|\xc2\
\xaf4\x89\x18\x00\x00+y\x99\x01+\x18\x94[\x8dK\
\x9e\xacV\xbd\xd9\x80nrZ\x8d\xdeL\x0a\xb4\x827\
\x07B\x11\xf7\x99\xdc\x8c\xae1B\x87\xa7\x1c\xdd0n\
\xf6\xe1\xb5\xa3\x8eU\xf0\xff\xc7\x9e\xf3{\xf2Q_Y\
\x125\x00\x00V\xd9\xd3\x00\xc4\xb5~\xe0iM\xfbW\
\xad\xd1\xfc\xe1\xcb\x95\xb4\xb3\xaedj\xda\x95\xc5:\xee\
\x05\x00\x00\x01zIDAT\x8c)\x8d\xed-\x1e\xf1\
2\xce\xf5-\x5c\x0b}\xad\x87\xf6\x7f}x\xfd\xbb\xdf\
\xfc\xba\xf1\x9d\xfc8\xff\x94\x90-\xbd\xec\x92\xc8\x01 \
\xa6\xdcy\x81\xb2\x9c\xd6\xb4\x7f\xd5\xccz\xbd\xea\xcaU\
k\xd7\x93\xd4*ue%\xa5\x1eg\xca\xd9\x12\x93\xaa\
\x00\xac\x0a$)\x1d`U@]\x08\xaf\x8b\x02\xbc\x10\
\xa6Y\x04\xf0B\x93\x9b\x85\x8c\xeb\xfb\x0c=\xbc\xdd\xd4\
\x0aw\x18\xf99\xdb\xf3\xb6O\xdbQ\x89\x0a\x1f\xc3a\
}\xea{nxoE$C\x00\x00\xac\xa6|\x1a\xca\
\x18/@\x88\x8d\xc2\xb0f\xf5%\xfc\x0e\x09\xc9\x12\x00\
bTX;\x0f\x0b\xda-\x8f$9\x1dVs?a\
\xb2\xfc\xa7\x92l\x01 &\x05Vn\xc0\xeb#\x1dI\
b0`\xf5\xf5=\xb1\x8c\x97\x9d\x925\x00\xc4\x04a\
u\x0d(\x10\x90x\x18\xb0\x9a\xfa\x091\xa8'\x1e\xc9\
\x1e\x00b\x02\xb0\x82A%7\xca\x22>\x11)\xf9J\
\xe8\x04_y\xf8%\x00\xc40\xfc\x1e\x08T\xc1e!\
\xde\xa2\xe1\xf7\x8a\xef\x9b\xf5'\xfd\x16\x00\x8e\xc7`\x05\
\x81\xd8\x17%\x0e\xfdE\x87U\xe9c_\xbe\xa9\xf4\xc7\
\xf3s\x008\x11\x83\x95+8\xfeK*\xf99;\xee\
\xdf\xc4\xfb8\xacGt\xfc\xb8\x7f\x1b'|\xf9\xb2\xc2\
\x13B\x08!\x84\x10B\x08!\x84\x10B\x08!\x84\x10\
B\x08!\x84\x10B\x08!\x84\x10B\x08!\x84\x10B\
\x08!\x84\x10B\x08!\x84\x10B\x08!\x84\x10B\x08\
!\x84\x10B\x08!\x84\x10B\x08!\xc4=\xff\x0fX\
\xa7\xef\xa0\x80\xec\xfb\x03\x00\x00\x00\x00IEND\xae\
B`\x82\
\x00\x00\x02F\
\x89\
PNG\x0d\x0a\x1a\x0a\x00\x00\x00\x0dIHDR\x00\
\x00\x00\x10\x00\x00\x00\x10\x08\x06\x00\x00\x00\x1f\xf3\xffa\
\x00\x00\x00\x09pHYs\x00\x00\x0fa\x00\x00\x0fa\
\x01\xa8?\xa7i\x00\x00\x01\xf8IDAT8\x8d\xa5\
\x92\xcdk\x13A\x18\xc6\x7f\xb3\xf9\xe8\xb6\xa4\xb1\x1aI\
[\x22\xb4\x96\xa2H)\x9e\x04O*\x88'\xf1\xe0A\
\x90\x82\x1e\x04\xbd\x94\xd4?@\x0f\x05\x0f=I\xc1\xd0\
\x8b\x9e\xfcD\xf0\x22\x96z2\xd2\x8a\x97`\xabF\x88\
\xad\xd2\xa6\x94\x14\x8d\xc5\xcf\x986\xc9\xce\xee\x8c\x87\x98\
t7\x8d\x888\xb7y\xdf\xe7\xf9\xcd;\xcf\x0c\xfc\xe7\
\x12\xee\xcd@\xbc\xb8_+\xe3(B\x87\x9b\xaa\xb5(\
\x08C%3\x89Pz\x0b`\xdf\xf0\xcfa!|\x89\
Fh3\x8c\xd6N|~\xa2}\xa2\x0e\xe8\xbb\xf0u\
\x9b\x194\xd7\x80`M\xd5\xb5]p\xe2\x80\x0f4L\
\xce:\xe4\xbfi7\xa4R\xb6\xca\x9d\xd9\xeb;~\xf8\
\x01L?\x83n\xf3\x95\xa1 \xd1\x0e\xc1\xd5\x87\x12\x0d\
\xc4\x8f\x07XXU\xdc\x9e\xb6\xf1\x19\xe0(Z~{\
\x9e\x1b\x00ZZ&\xc0\x9e\x98\xc1\xf8\xb9 3\x19\x87\
\xd7\xcb\x0e'\x0f\xfa(Y\x9aKw,r\x9f57\
/\xb6\xb07f\xe0\xf6\xf8\xdds\xf5w\x09\xda\xdb\x04\
}\x9d\x82[Omb\x11\x83\xf3\xc7\xaa\x92\x9da\xc1\
R^\x11\x8b\x08\xde\xe66=\x1e\x80eC2\xed\x90\
\xfd\xa4\x18;\x1b$\x93\xd3\x84LA\xc9\xd2<\x9eu\
\x08\xb7m\xcd\xd7h\x16s\xea\xbdb\xe4\x86Ew\x07\
\xcc\xaf*.\xdf\x95L\xcd9X\xb6F\xda^\xad\xbf\
\xd1\xbc^\xd9L\xfbUV\x81\x80\xfen\x83\x90\x09K\
\xf9\xbf\x00\x9e\xa4\x1dFO\x07X/C\xf2\x8dS\xaf\
\x0f\xf6\x08vE\xaa\xc3\x16J\x9aLNy\x01\x92\xca\
\xc7\xda\x1b\x8e\xde\x97\x0c\x1d\xf23v&\xc8\xcaZu\
\x82\xc2\x06$\xa6\xa4\xe7diW>\xd43X\xfc\x9e\
Z\xd0J\xbe\xac5\xef=\xb3\x19\x7f$\xe9\x8d\x1a\xf4\
F\x05\x93/\x1c\x8fY+9\xb7XL\xbd\x03\xd7\xb7\
\xed95\xb3\xbb52p\xcd\xf0\xb5\x1eA\x88Pc\
6U\xa7.*\xa74]\xfa\x92\x19Yypx\xd9\
\x03p])\xd0\xa4^G\x00\x12\xb0\xff\xd0\xff\xf7\xf5\
\x0b\xc3\xd5\xc3\xc2\xb1}i\x0b\x00\x00\x00\x00IEN\
D\xaeB`\x82\
\x00\x00\x03\x86\
\x89\
PNG\x0d\x0a\x1a\x0a\x00\x00\x00\x0dIHDR\x00\
\x00\x00\x18\x00\x00\x00\x18\x08\x06\x00\x00\x00\xe0w=\xf8\
\x00\x00\x00\x09pHYs\x00\x00\x0fa\x00\x00\x0fa\
\x01\xa8?\xa7i\x00\x00\x038IDATH\x89\xd5\
\x95]lTE\x18\x86\x9f9\xe7\xecOK\x85R+\
\x22T\xe9EE\x90\x04\xac\xa4\x92\x08\x04bMXl\
cB\xd0\x02M\x84\x10\x12S0\xcb\x8d\x17@\x22b\
\xd3\x98\x10\x12 \x8a\x14\x08\xb1\x91\x0b\x95p\xb1\x1aS\
\xfe\x22)\x12\x82\x89\xfc\x85B\xa1\x94\xee\xc5\xbal\x8d\
Xm\x0c\xacv\xcf\xdf\x8c\x17Kw\xcf\xb6g\x8b\xe1\
\x8e7\x99\x9c\xc9\xcc\xf7\xbd\xef\xbc\xdf|\x93\x03O:\
\xc4\xe8\x85\xa5;\x94q\xef\xaf\xcc:\x90\x8b\x05\xa2\xfa\
\xff\x90(T\x02\xb4\xf3\xcf>\x1d>\xf2S\xabp\x8a\
\x0a\xbc\xbc)=\x15\xa1u\x22\x98\xffX\xc7U\x5cA\
\xc9\xc6[\xede\xbf\x8f,i\x9e]\x81&\x0e\x8dG\
n\xe8\xd9Q\x14\x82\xf9h\xe2\x10(\x91_z\x88\xd9\
\x1f\x0c\xcf\x10B%\xfc\xf2&\x96\x0a6F\x0c\x9a\x16\
\x1a\x00\x1c\xbb\xe0p\xe0\x94\xc3\xfd\x7f\x95\xbf\x90\xc6\x8c\
[\x9f\x97&\x0b\x1c\x08e\xd6\x8d\x8e\xd35\xd8\xb62\
@W[\x88\xd9U\x1a\xcd{L\x9a\xf7\x98\xbc4]\
\xe3\xe4\xc7!\xd6,6\xd0\xb5\xd1Y -+\xc7\x95\
\xdbV\xca-\xf7\x06\xd5\xd5h\xc4\xb6\x86x\xf3\x15\x9d\
\xa14<W!x\xbeRp\xe77\xc9\x86/L\xb6\
\x7fc\xb3\xee\x0d\x83\xd8\xd6\x10u5\x85*B\xb8\x93\
}\x04d\xae\x5c\xf5\xf3t:6\x87\xb8\x14\x97,o\
\xcd\xb0\xbc5\xc3\x97?:|\xb2:@G4\xc4\x8b\
\xd34\xba\xae\xbb\xbc\xfdi\x86KqI\xc7\xe6\x10\xf5\
s\xf3\x97\xe3\xe52\xfcJX\xfd\x8c 9(Y\xb1\
\xc0\xa0|\x82`\xf7\xf76\xc7.8\x9c\xbc\xea\xb21\
bp\xf4\xc3\x10g\xba]\xc2Ax}\x96NrP\
R=eL\xc7\x17:(\xb4\x08\xbd)\xc5[m\x19\
\x5c\x09\x9d\xdb\xc3D\x1b\x028\xaeb\xdfq\x9b\xd8/\
.\x91Wu*\xca\x04\x0dm\x19zS\x0a\xe1\xcf\xef\
\xef`\x04\xf7\xfeVl9b1\xafZc\xdb;\x01\
\xde_V\x02@\xcf\xaf\x92\xf7\xf6\x9at'\xe4x\xe9\
\x8f\x16\x18AwB\xd2\xbc\xdb\xa4\xbd%\x08\xc0\xa6\x83\
\x16\xd2\xd3\xa1Rf\xc7c\x0b\x00H\x05\x89?Tn\
\xee\xc5\xce\x98M\xc6\xf2\x7f\x13\xbe\x02\x8e\x0b\xa5\xc1\xf1\
\x05\xe7\xbc\xa01\xb9,_x\xd3V\x5c\x8eK\xd4(\
\x1d_\x81\x9f\xfb$\xd1\xc6\x00\xeb\xeb\x0d\xbe>\xe7`\
9cc\xa2\x0d\x06U\x95\xf9\x1e\xb1m\xc5\xda\xcf,\
\x1e\x0c\x17*\xe4\x05\xa4\xb2F\xa6w\x06$-\xed&\
\x1f5\x05X\xb5\xc8`\xd7w6go\xb8\x05\x89-\
\x07,\x8a\xc2\xc3\x95\xf3X\xb3\xa1\xbf6X2\xfd\xaa\
7N\xd7\xe0\xdd\x85\x06\xd1\x06\x83\xbe\x01\xc5\xe0\xfd\xec\
\xe9J\x82\xb0\xff\x84C\xdf\x80\xff\xcd\xda\xe9Tm\xff\
W3\xaf\x81\xe7\x1d\xc4\xafu\xf5\xa0\xdc\xdb\xde@W\
\xc2\xd1\xf3\x0e\x91V\x93\xdb)I\xa4V'R\xab\x93\
\xfaS\x91\x1c,\xd26\xd2\xed\xed\xbfq\xf6\xe6\x18\x07\
\x005k..\x09V\xcc\xe9D\x882\xbf\xdc\x09\xe1\
\xec\xf7\x9f\x8c?7J\xa5\xad\xa1\x9b\x8d\xf1o_;\
\x97\xab\x82w\x7f\xa8\xe7\xf0\xdd\xf0\x94\xb9?\x04\x9f\xaa\
\xaa\x14\xe8\x13\x11\xda\xa4\x02\xebNv\xf8\x9c\xfa\xaer\
\x87O\xa7\x93\xa7\xd6&b\xcb\xae\x00\xb9\x9b.\xf2\xc0\
\x09\x93m\x80\xf1~/^\xb8\x80\x03\x14\xf3\xf6\x04\xe3\
?\xb9W5\x0b:\x07\x16\xce\x00\x00\x00\x00IEN\
D\xaeB`\x82\
\x00\x00*\xf9\
(\
\xb5/\xfd\xa0\xc5\x18\x01\x00mW\x01\x1a\xf3\xec.Q\
\xa0\x92\xd1\x06\x00\x80\x09\xa0\x81\x03\xaf\xc3\xeb\xf0:\xfc\
\x97*\xfb\xff\x22\xf2\xefWU)\x8dq\x07\xc8\x86t\
\xde\x1b\xaa#)\xa1\xf4\xfd,\xff\xcb(\x7f\xe5\xbaH\
M\x8a\x18\x0e\xa1\xad\xbbf\x8f\x9du\x8f\xa1%\x1a-\
\xd0his\xc3\xab\x07L\xe2\xb5\x80\xd7a\xc6\xe1U\
!\xb9\x02\xce\x02\xf3\x02\xa6j\x87\x8c\x14\x0c(\x5cP\
#\x82\x0e482HU\xd5\x04:\xa4n\xd8QS\
M\xde\xa2\x09\x98ze\xdc\xa9\x0d\xaf\xe7Y(\x1b\xc4\
\xe8\xe1\xc2&w\x95\xa5{\xdf\x19\xc6\x12w\xbf*~\
@v\xc5=\xf92\x00|\xf4\x8fF\xa3g\xd6K\xf2\
\x17\x8aa,\x17\x9e\x9eW\xef\xb9g,]\xe3\x9aS\
f\xad[\xc5_\xa4\xd55\x14\x1f\xc0l\xeb\xe5\xd8\xca\
\x8ec\xea\x16\xdf\xf3\x5c\xc76\x9a\xae\xadmB\x02\xba\
\xb6\x02\xd4E0t\x0d\xec\xe9\xa9\x96\x93,s\xc6\xcf\
e\xe4s\x8d;\x92\xba\xf4\x8a\xb9\x08\xf6W]\xab\xb4\
\xb2\xa0\xa6\xfcb)\xcbbv\x11XI\xa0$\x19D\
\xddKfF\xbe9\xe4H\xc5\xe0q\xa3\x9dX\xaah\
.~\xdc\xaf\xaa7\x9b\xb8\x1b?\x8b\x05\x10\x82\xd88\
!H\x8a\xcb\xb3\xca\x18\x0cV\xb0\x89\x80\x86\x1a\xcf\x08\
R\x09J\x01\xd7\x18\x94-\xd5v<\x7f\xb1\xadg0\
AJG\x07AV\xee\xf5\xbe\x94;i\xbd\xf9ki\
90\x5cg\x8e\x9c\x8c\x90h\x96=\x1a;\xd4\x95S\
n\xd2c\xcb\xdb\x17O> \x13\x13\x14z\xbb\x92\x14\
\x10*0\x95\xc3\xb9\xdd2\xc8\xdc\xc5\xc4wB*(\
\xa1\x13\x10s\x5c\x94\x1dM\xe0\xc7\x9cS\x9d\xc7\xdat\
#(/\x88\x14\x93\x13\x93KeT\x09+\xa7\xe3\xd8\
q\x7fB JB%\x9fL\xb9\xed\xd1\xb9qld\
z_\xf0=\xca\xc6OZ\x10\x04J\xf9\x90>\xa5\x94\
O\x8a'\xc5n\x91m\xe4\xd0\xb0\x84B\xb2\x91\x83\xe1\
\xa2\xbd\x9f\xdc\xef\xdcrL5\x95\x804Y\xa2\xe3\xb6\
<E>e\xb4\x05\x84T4\x86\x91\x93\x13\xc1c(\
\xb6\xde?\x1bO\xbf\xa5\xda\xbf1\xd3\xc3\x99\x8b%\x1b\
\xf6al=a\x95J\xca\x88\x00*\xcd\xdb\xack\xdc\
m\x8c9\xeaZ\x06\xab\x05\x8f\x9a\xb4v\x91-e\x98\
zC\xbc-\xe3\xae\xd9:+\xf7r\xca,\xcf+/\
I\x01\xd7\xae\xc9\x93l\xf2\x98|>\xd7L\xb7\x93'\
\x0e\xed\xbd\xc6s\x93-cn\xad\xf6Z'\xff?\x04\
\xc6O\xb5\xa3rE\xe4\xe4\x04\xc1\x93\x90\x90\xaci\x95\
\x97\xe3>\xdfh#\xc8\xfd\xa2n\xef\xf8\x8b\xb6\xf4[\
\xe9\xb1\xe6\x19\xda3\x95\xd3\xcaX\xe2\x99\xfc,\xdf\xf8\
\xb6\xd5Z\xf9\x1d\x86\xab\xdd=\x11e\xb6\x5c\x9f\xd6\xcf\
H=\xd9\xbf\xcd]X\xe7\xd9t\xdf\xf2\x17\xdb\xcau\
:\xf6:0\xd5\xe2\x1b\xaf\x8d!\x89g\xcd^\xfc\xe4\
\xfb\x9d\xac\xb6\xa3'\xf7\xa8\xbc\xb1\xce\x8d\xbb\xdbZ\xfa\
J\x02\xe7\x89\xba\xcd\xe1Y\x9bV\xee\x18\x8c\x8d\xddO\
&\xd3\x08\xfeR\xfeB{\x9b\xca\xdb\xb0\xc3\xcc\x8d\x1e\
\xde\xe9\x84\x84x\xb2\xcf\xaf<\xc0\xfbV>\xbe\x8dr\
\xb9\x1c\x97J#\xbc:\xa3L\xb9aEE\x13=\xab\
\xbd\xb4\xa2d!0\x9c\x0c\x11\xb8\x08\xfc\xda\x0a~2\
)|\xa1\xec\x98\xe5\xaa*\xebZu\x1122\xf7x\
l\xd8]\xa4\xd5{\xd1H\xe6\xb9\x06#<\xc1WR\
Y\xa2+\xd9\xb5\x06k\x9d\xa1E\xddO\xd2\x93\x19\xe5\
\xa5\x1c:\xc0.M\xa3\xbdU\x08\x04\x1a\xf5\x0c\xc1\xc7\
k|\xb9\xa32#\x9f\xcf\xe7*\xe0\x18\xc8\xaa/\xa6\
+=\xde\xc0\x88R\x8d\x5c\xac\xcb\xcd6\xbb\xaa\x0eT\
Y\x97\xbd\x8f\xfe\xe2r-\xb4>\xc6\xd0\x88RK<\
\x1e\x00HH\xae\x8e+\x10\x85\x0d9+\x04\xe2\xae\x93\
&\x8bM\xdc)\xb3\xf5\xac\xcb`C\x8aR\x09\xb6\xf5\
\x17n\xa0\xa9\x80F\xea\x04\x1e7\xff\xed\xdf\xc8V\xf6\
\x00u\xce\xc8\xc9\x1b\xbf7\x8d-[\xc7\x5c\xe2\xd4\x1b\
F\xeb\x11\xa4af\xc9\xf9\xec2\xbdd\x8e\xea\x90\xd4\
\xcd\xd6\xab\x16\x04\x00\xc6eYTn#\xca*\xcc\xf4\
@/\xe9\xf2\xa8\xec\x22\xcfc7\xac\xd6i\xbd7$\
\xb9\xcc\x00Iq0\xa3f\x8b9\x09\x81\x82\x1b\x1aJ\
\x08r?\x15 ) \x22\x91H\xe6\xa2\x18R<P\
p!ARqr\xbf\xd2;\x9d\xb4\xde\xf9\x86\x9b\xb4\
\xf7\xc6\x14#\xb2k\xdc\xc9\xc9\xdaET3\x80\xfc\xc0\
\x02\x0653f\x82\xb4\xa0\xa3F\x06\x90\x1f*\xcfC\
\xc0\xa0\x18i\x0eg\x8c\xe9` \x18\xed\xe9\xb5\x96\xa8\
\x94\xef\xd8\x86\x97\x1b\xfd\x852XK\xfc\xff\x80FD\
`\xbd\x1e\x10\x8ag\xf2K\xb3\xfe\x87h\xa8\xaen\xa2\
\x8fH\xf4\xd5{\xeb\x16\xc6[_\xe8\x0aG\xf2\xc9\xe6\
f\xe2\xcaO\x8a.\x92\x0f\x08\x10I\xe69\x16\xfad\
\x1e+n\x9e\xad\xe1F\xcd\x089\xb4_\xc4\xb9\x93\xd6\
r\x0c\x8a\x0ee\x17\xad\xc8\xc4\xeb\xe2vk\x07C\xa6\
\x9b\x95$?NQ9\xb9X\xbe\x97\xe7\x04\xabk2\
\xcf8Q\x05V\x1f=\xfb\xf8\xca\xc3\xb8\xd6\xd1j\x19\
E\xc5\xc9G=9#\x08\xa4U\x13\x9f\x8e\xe5T\xb7\
\x12\x1d[\xcb+\xa6G\xe3\xe58Ev\x9d\xaa\xe5X\
\x1d~2N\x91\x1f\xbb,S0|\xf7}\x9d\xc8\xab\
W\xa7\xf5[bZ\x0f\x82\xf1\xda\x0b\xd0\x84\xe4s\x86\
*\xb1\x8bl\xd2\x9aJO\x96\xb2\xb6\xd5\xc4\xd1H\xbf\
P\xf3J\x19w\x08 \xf8\xbdv\x829\x1b\xd6\xc68\
n`C\x01#\xe3\xed..eZ\xc1\xaf\xa2\xb8\xa0\
\xb2c\x8b\xf2\xec\x0a}n\xddE\xf7\xf1]9M\xd1\
\xb2\xebtf\xfcl\xa5\x96\xfb\x97\x9b\xd6\xda\xf1\x01\x99\
I\x96G\x19s\x17.^\xef;\xc6\xd8\x82\xef\x0eg\
\x1d\xf8\xaa-\x9d\x84\x0a\x973\x0c\x0e\x1e\xb8\xa3l/\
\x0c\xb3,\x83\x939\xd9B\xb2\x08\xab\x8f\xa5RoF\
\xaf\xbd\x22\xbd\xbaHG\xc3j3\xd3\x8d,\x17q\x8f\
\x94\xb9\x88\x88\xbc\xa8s\xfa\xcf97]\x8f\xf2\xcc\xc2\
\x1bpy\x01\x048\x09\xc8\xf3\xf9(\xc4\xa9u\x9e\xd2\
\xe4\x91\xc7ZT/$X\x0e\xa8\xb0\x8aT\xb1\xf8\xe8\
!\xb5\x5cL-9/d\xe9\x18\x87\xc6/\x0c2j\
hx\xf0\x83\xa6\x86\x0aR<r\xa0Q\xc1\x86\xd4\x0e\
\x1c5)\xc0\x10bC.\xab\x85\x87\x85\x8c\x0aR[\
\xd84J\xb8\xd1@\x07\xbe\xf1\xba\xa0.\xf81\x08F\
N\x8c\xb4`'\xf32>v\x8a\xf6\xe2\x5c\xfe\x8f<\
## kJ\x95\xcb\xf2!\x12\x8fG@9\xb9\x97\
\x962\xa1\x92\x1b\xa7\x055^\x03\x84 \x9d)\x82\x97\
\x86\x15\x05\xc3n<\xf1\xb4\xa8b\xe8\xa0\xc6\x05\x19)\
\x1e>l\xb0*\x06\x1e654HUu\xfb|\xa4\
6\xb0q\xaa\x96-\x9b\xb0\xfbU\xee\x0b?\xf9\x22~\
\x1e\x8f\x88\xad}\x91\x83\xf1\xbaD\x0eX\xef\xe7\xf3\xa9\
\xe1\x07\x8d\x05\x1e\xd4\xa8\xe0\xe4\xb5\x1csQ\x89\x93\x19\
5\xd0\x0a\x8c\xde\xb6\xf8\xd2|b\x19\xf3K^\x1b[\
\x98\x931\x9cRU\x18\xd0Pc\x82\x0d\xd0\x8a\xae\xb2\
\xcc\x90\xa3&\x87\x0e76\xc8H\xa5\xf0\x83\x86\x05 \
6\x14\x84`\x03d\xc6\x86\x0f\x1a\x17JHI0\xe3\
\xc3\x0c\x1a5#\x0fv\x99\x84\xb2\x02.\x81\x0a)\xcb\
\x02\x14R>n\xa0\xc9\xa1\xc7\x0d\x89\x84\xe7\x1a\x01!\
H\xbde}%\x0dO\xeb\x99\xad\x17k\xcf\x10\x08\x0f\
\xc9\xb1\xdb\x5c\x924~\xd6\x8cl;\xe4\x0b\x82?V\
\x9d\xdbCpN\x22\xe1\xb9.\xeb\x93\xf6f\xd6\x8du\
\xaa\xf0\xe8\x9bG\xeb\x1d\x1d\x00\x14\x12\x89\x97{Q\xdb\
;\xb6\xbcmur\x96c\x98\xbeA\xd4\xf5{e\xc7\
\x7fAq\xe2-o\xb9C\xca\xa6\xd3\x0d\xbb\xf3\xa4\xad\
\x9c\x19C\x1a\xbfN\x0a\x99\x97d\x9f\x0e\xb9\xaa\x92\x89\
\xbc\x15\xcd\x00\x03l\x7f\x07\xa0\xcd\xb5\xfbu9\x9e%\
\xb6}\xac\xf4;\xc3f{\xde\xaa\x05\x1f\x9bM\x1d\x82\
\xe78|\xa5=5[\x10\x0c]H\xb0\x91\xfa\xe8/\
\x96\xbbYM\xcc\xc5\x09z\xba\xc9RE\x14CF\xca\
\x82\x1d5Y\xc89\x07\xbdsT(\xa4\xd9z#g\
]\xee\xcf\xca\xd2\xaf\x17\x14@\x08rC\x8f\x9b\x08*\
\xa8/*\x09\xe5\x97\x8d-u\x85\x17\x02\xd2K\x9a,\
\xb7\x19\x96\x22\x7f\x17]\xdd<oW\x13\x09\x195\xd4\
x\x90A\xea\xb2hhO\xd5\xda\xa3t4\x96\xf0\xa8\
\xbcT\xd6\x16\x11\x1a\x83\xd1\xe4bkG\xb6'\xdca\
e!\x11\x9d\xd0\xfe\xf1x> \x8e\x95\x84F\xa0O\
\xbc1\xe5\xf6\x0f\xba,\xd0\x07\xa4\xf1\xe4\xac\x14\xf1\xf9\
\xbc`\x91\xdd\x91\x14L\xe6\xa1\xc5\xaa\x15n\xd8\xdc\xf0\
\x91\xda\xe2dqmrW\xbf\x1b\x19\xecO\x8b\xcf1\
PIz\x8ey\xda^#\xd0\xe83\xf2X\xfd\x19\xb7\
:=\x92\xec\xb6\x9c\x1c\xb6\xaf\xf7\x8d\xa2\xa7;k\xb3\
\x0d;|U\xbd\xf6\xb1\xda\xbd-{\x9e\xb4\x97\xd3a\
_\xe3[O<\xe3>\xd9a\x179\xd6\xf1a\xeaG\
\xc7\xb8\xe5\xc9V\x06\xaf\xdfJ\xad\xdf\x88\xd2\x02cZ\
\xbb\xfb\xb0 \x85CF\x8aE\x0b\xedf\x9b2B\xc5\
J\x8a\x11)\xec\xf2\xec\x92}eG\xa3\x04\xeb\xe5-\
\x0e\x08\xe4\xdbgP\x82\xbfd:\xc0!\xd5#\x87\xcd\
\x0a:R33jB\x00\xf2\x83\x0f\x1a)\x1d8\xd0\
\x04!2\x9e\xe7]\x9e\xe7y\x9e\xd7\xdd\xdd\xdd=\x22\
~&B& \x99\xeb\x97\x89\xe7s,vMe\xf4\
\x98\xc08\xad7\x01qe\x1b\xd8\x1d?+r\xcdm\
\xe0ea\x9d[^\x89\xb9.E\xeb?\xd6\x12o\xf2\
*\xe7\xc2\xc51\x17\xd1\x05\xe7b\xc43\x91c\xa1c\
o\x98Z\xe7\xcb\xa7?\xa6\xde\xbc\xcc\xd4 \xd3\xd5q\
'\x90u8\xa9\x8d\xa1\x03\xcda{\x12\x02\x1a)\xd1\
Y_\xee\x8b0\xace<v\xec\xccV\xa4c\x92\x16\
\x8bs\xca\xba\xd8\x92\xbd\xf2b:\x13y\xd5\xd1^D\
\xeb\x97\xa5i\xcd\xb2%\x96\x84.\x02\xa7\x92i\xf5\xde\
\x12\xe5\x22\x91\x92,\xf4\x8b\x80e\xbauj\x1d2]\
\xe1,i\x84\xad\x9f\x08\xc6\xaf\xef\xd8\x8aHT\x89\xae\
z\x02\x827+\x90m$\x00\xf9\x01\x87\x06\xa9\x17~\
\xd8\xf0\xf8a\x13\x81\x0a7=J\xb0\xa1\x0b\xc4\xd0\xe3\
\xc6\x05\x13nB\x00BS\x83\x83\x9a\x10z\xa4\x22\xb8\
\x11\xa4\xc6\x0f\x1a\xba\xc0\x8c\x17l~\xf2\x82\x02\x83\x19\
5,\x5c\x90\x8a`\xc6\x07\x1c>R1:H\x1d\x15\
g\x0b\x069\xd0\x88\xa0c\xa6\x07\x184Hy\x90\xc3\
&\x86\x0a7^\xecf\x16+\x81\x8e\x9e\x5c\x90\xb9\xd2\
+\xbeQ\xf6E\x80\xf5\xf6Rf5\xd9z\xa1\xc0\xac\
\xc1\xda\x91\xa1w\xe6\xb6\x18\xac2t\x80\x8b-\x7fk\
M\xf1\x0c\xd5\xd1x\xfe\xaa\xe9=\x80\xfd\x0fx!\xf1\
S\xa5\xf1MC\xfb\x95\x04H\xc4\xc8\x1b\xa9\xf5\x8e\x84\
D\xdc< D\xa2\x8e j\xfb\xadTT\xea\xc0\xd4\
\xd1\xb1\x116\x8a!\x1eN\x09(\x8a\x10qZ;r\
\x0aP\xbe\xccZ_J2\x8f\x882\x9f.o\x19\x89\
\x09\x04\xbfL6\xef\x98\xcd@^|\x09\xc9\xe8\xa9\x9a\
\xfa-\x9b\xca\x8b\xfaW\xbe\xf69T\xf2F\xc5\xd3D\
a(\x00\x84\x80J\x94\xf0d\x22^1\xad\xf4\x1a\xea\
r)v\xe5(\xff\x058r\xf6:\xbe2\xeb\x9a\x87\
\xa4\x93\x1dw\xcc'\xfa$CU\xf00\xaee6\x92\
\x5c8\x0f\xf1\x0b\x8b2\xe6\xf7\x84\xdd\xa8\xac\x0dT!\
:\x06t\x88j\x81J\xe4U\xb5\xc0\xe84\x82m@\
eQ/\xc4\x9d\x06T\x22\xf0\x8b\x02T\xc7\xbc\x8e\x00\
\x1d\x8bmFE\xd6\xe8\xb4c\x0a\x95,\xf2\x19\x8c\x5c\
3\xc7\x04\xcbK\x89\x8b\xba\x82o\xf9\x9b8i\xef\x94\
!\xe9\xd9e\xbd\xe3\xef\x93\xdd\xac\xc7\xbc\x12\x95l\x7f\
\xbb~\xda\x94\xf1>\x84tO\xc0z]l\x951\xd1\
\xc4\xa4\xdeTd\x9a\x95)(*\x1c#\xad\x8d'\xa6\
\xef\xf8\xc6.\xd4\xe4\xfa}\x8e\xa2\xfa\x8blog#\
-\xa72\xbb\xac\x9b@\xd4\xf4\xe2M\xf7\x15\x0e\x1dR\
)\xe0\x08\x99\x84>\xd7\x85y<$\x16\x95\x98\xc7\xc4\
\x1aqn]dt\x13\xed*\x83\xea*I\xa4@\x09\
\x05\xaeUq\xe5\x04]H:\x1aM\xf7\xa2\xed\xae9\
;3:jv\xd4H\xf9@\xc1&\x87\x0fjb\xc4\
\x90\xb2\xa1A\x0a\x07\x1cnv\x5c\x90\x0aQ\xb9'7\
\xab\xaa1\xe3\x03\x8d\x19\x1f<\x08\x8cb\xa84u\xe8\
\x91\x98e\xa1\xa2\xa1\x01\x04\x10\x04\x00\xb3@\x18\x10\x12\
\x8e\x8bd\x82\xc1`F\x18}\x00T\x02\x8b\xc8\x0d\x85\
\x84\xc7\xe2a\xc0\x10\x06\x85\x05\x00\x01\x18\x00 \x04\xc0\
\xe0\x10`\x01\x00\x0b@3 \x005\x8cY\xca\xce\x0e\
\xa1V\x03_ZFg\xa7\xdaUhK\xa8\x02\xbc\x0b\
j\x80\xe8\xf7f\x89\xf8A\xc0\x0a\x01\xc6\xeeK\x15\xaa\
:\xa5r\xf5\xf1\x01\x97\xddP\x99W\x10Y\xa3\xaaW\
\xe2}\x85\xdc\xbb\x15\xf1\xc0\x8a\xfb\x8e\x9f\xfa\xe5\x9e\xa6\
\xe93\x00u\x0e\xa8\x8ea\x95J\x97z\xfb\xeb\x91d\
\x17\xc0\x22\x84\xb0\xe2\xe5QV\x91X\xd6\x01\x17\x9d\xd2\
\xfa\xbf\xa8\xab\x84\x83\xbc \xcb}{\xd7\xf7\x1dK\xce\
\xefF3\x99\x96tp\x90\xbd\xc7\x9ak\xbf8\xec\x08\
\x85\x11T\xef\x90\x96\xf7\x03\xc7(UB\xd9\xd0f\x14\
\x07\xb9S\xa9\xc1\x0d\x90a\x0e\x9cPZWV\xde\xc0\
\x88D\x0c\x8d\x8f7\xb7\xb5%)=7 \xdd\xec\x94\
\xeb[\xa6j\x99\x1e\x8c\xa0n)\x04\xaf\x8b\xfa\x140\
\xed\x96\x88\x97\x9b\x88!\x85\x7f\x8e\xc4\x9f\xa9\x83\xa1D\
\xb1\xef)\xd8\x0b\x81p\x84\x03c\x85)-\xff\x15\xa7\
\xed\x8cL\xfa\xdfi\xef\xf4\xaeY\xcb\x04\xa9\xa5\xef\xd2\
\xa5V\x0bD\xd1O\xda\x92\xde}`\x92\x97\x8a{\xb0\
#dc\xe6\x1a\xea\xb5>\x89\xa3i[\xea\xf0K\xbd\
U\x8dp\xe5\x98/i'r\xe7y\xceC\xb1\xb1\xd1\
E\xc5*\xe3\xc8\x84\xb3\xd3eao\x12\x91[\xcc\x0b\
|\x07[\x9e\xb3\xd2\xe00\xdf\xc7\xcfm\xfe\xcd\xa2e\
\xcd\xdeb\xe2\x00\xb6J'@x\x89\xaad%A\xd8\
\x0cD\x18\x1d\xd0\x1c\xfdz\x02\xae)\xf6\xd66h\x8a\
\x16\xee\x7fD\x8eDZ5i\xd6#\x08\xb6\xd2\x06\xca\
\xcfC<\x194\x82IJ\xd5\x0c\xfb\xc2\xa2@\x0d\x11\
\x1eX\xbd\xa2\x90\x85\xe6dF\xa2\xe7S<6\x0c\xf9\
=\x1e\xe8\x04\xf0x\x8b\xb1\xe3q\x009\x12R\xee\xcd\
\x22\xce,\x00F\xe3\xef\x00,\x8e\x1a\xc7f\x8a\xb1\xfd\
\x081\xc0\xc3\xc3\xd6f\xb7X\x80.%_\xee$\xca\
\xbf?_&\xd1\x5c\xe1\xbf\xe6d\x12\xda\x0bk\xa4\x1a\
\x12\xc2D\x8b\x16\xba\x7fQ/\xc1\x0e\x96 \xf2\x16\xa3\
\x12\x80~\x85U\xc81>\xd1H\xfc\xeck\x9c&\xe7\
F\x8bZ\xe0\xe2j\xfe[Y\x14\xffl\x10\x0c\xe2U\
\xaf\x03$C\xfb\xf7\xb8\xdc\x83\xdcs\x0a\x96\x92\xae\xf7\
\x97\xf4\x08\xee\x17\xcbop\xc3\xddp;{\x97\xe0\xda\
\xdd\x01\xb1\xf3\x86\xf9 \x10\xf0n\xf1\x93\x9f#\xc3=\
\x03\xa9\xf2\xec\x94\x98\x1e\xb8Dc\x04{\xd81\xa2|\
\x8f\xcb\x89qV5\x141\x9eM\x1c\xbb; 7\xa1\
\x85\x12L\xbf\x97\xff\xff\xf8p\xf3\xa6\x1a\x8cX\xf1\x16\
\x7f\xc5\xbb\x06\xe3\xe0\x9d\xa5\x9d\xb2g;\x84V\x17H\
\x9b\xab\xda\xbb\xbb\xde\xa2\xc4\x9d\xf2\xe8\x16\x9co\x94r\
\xd7\x8aP\xa1E\x10p\xf3\xb6\x03\xabn\xb8i\xae\x9a\
\x88\xf5y\xa0\x81\x11\x00\xb8\x01\xea)\x15\xa9\xa8\x96\xad\
8c\x9d~\xa2\xd6\x80]\x10f\x09\xd8\xa0h\xbc\x9c\
\xc0\x0a:@\x19\x04r. \xfb\x14od\xd1\x11\xe1\
\x1a\xd5\x13)\x074\xa1y\x93\x19\x0f,~-\xc2\x9d\
\xc0ds\xee6\x05\xd0\xbf\xe4\xd5\x879\x12@D\x98\
\xea\xcfU\x0f\xe1\x01\xba\x02\x12;\xe9\x5c\xf0\xe1^\x98\
mM\x02+j\x96\xc9\xcd\xf1\xa83\xab\xb3\xc2\x8b\xbd\
\x04\x8d\xf0\x0e\xf3\x93\x8c\xfa\xa8'+N\x83@+G\
\xdf>;\x10di:\xe1\x90u\x8e\x08\x9e\x9b\x8e\x80\
\x91\xc8A\x81t\x16W\x03\xf2\xf4(\x05\x9b\xbes\xf6\
l\xee\x14\x06T/\xfe\xd7\xee\xcb\xec\x8d\xd8Y\x88\xd3\
\x16\x9b\xddb\x14\xe2\xc4\x034_2\xba\xa1Y\xb2\x01\
H\xa5\xfc\x9d\x80\xf8\xd9\x0a\x05\x1e\x5cH\xdfH\x03y\
\xb1\x04p\xcc=\x8e\x9a\xb3H\xeaiU\x03\xa3E,\
\x0b\xcc\xd6\x17\xc5s\xd2\xd0\x9ea\xc9\x9f\xc9\xf3:\x97\
\xc5`G\xb35\xab\x7f\x1fv\x14\x1d\xf0Q*\x1a\xb7\
\x82\xec\xe0)&\xf2\x0a\x0aS\xb3\xf2f7\x0c>~\
\xa7f\xcbs\xeb\xfa\xb2\x8a\x8c\xbd\xf0\xee\xcbs\xb5\xb8\
\xa1\x1f{\x19\x80v\xe6\xc6\xf8 \xac\xe9d\x93\x7f\xf1\
\xf0!\x1f\xd3}\x84\x01h2f\xc9\xf1Be\xfe\xe1\
c.X\x96$S\xd3\x13\x00\xa7:\x9f\x8c\xc6\xa9P\
2\x83\xef\xe4L-\xaf\xb0\xfd\xad\xe9#od\x15!\
\x8c\x9c9hh\xf6\x92f%\x97\x93\x7f\xf8+\x16\xbf\
\xcccHC&D\x88d\x97\xa78\x8c\xc7\x87\xb4\xdf\
\xc9S\xdd\x1c\xf1u\xc36\x91\x05\x1e\x87\xcd\x8cS\x1c\
\x1c\x1b\xd2c\xdc\xcb\xee\x0b\xf0\x14\x87a\xba\xdf\xec\xb0\
V^\x22\x9d H\xd0\x8a`\x05zS?\x08\x182\
\xe9\x12O*;\xae\xa7B\x1e\xfc!K\xc4!r8\
\xba\xe4\x00^\xb40W\xc6-4\xb10\xb3\xfeq\xdb\
Nn\x5cO\xec\xc3y\xd1\x89\xbc\xb7\x9c\x08\x5c\xaa\xe0\
\xa36\x91\x86I\xe0\x080^U\x10\xf3l[Mh\
\x97\xf6\x92\xffr\xf9\x183\x9b\xd803\x1b\x8c\xb91\
)*\xc7\xa02\xc7\x85&\x14\x06\x1f\x9a\xe6\xcc\xe9\x8d\
\x15G\x1f\xf7\x9a'\xa0\xa0\xc2J\xc6\xbel3\xdf\xf1\
\x17\xc4=\x15\xe2P\x15W7q\x98\x09\x04o\xbe,\
\xa3\x8fTv\x16\xa6\xd2\x93\xb0\xa2\xdf\x1d\xd0b5a\
w\xf2O\x5cIdu\xdb\xe6\x9cK\xb0\xab\xb89H\
\xe3Y@\xac\xdd/\xc4b\x04W \xe2y\xf0\x8e\x80\
\xeb\xc8\xa6<q\xa7\xda\x0d\xe7\xd4\x1c\x05\xdb<\x9e<\
\xc6z\x00\xfa\xbf\xf5\xb3\xa0w\xa3_j8\x84\x01\xfd\
\xdd?x\xcb`BK\xb7\xc1o\xb3n\x189_\x1d\
v* \xa3\xf0\x81\xa0\x8dZWp?\xf6\x9e\xdaM\
v0rSh\x11M\x81\xfe\xa6\xec\xdd!\x00h\x09\
\x94\xd1\x5c\xa50?m\xe8\x1bDp;<\x86\xe0\xb5\
\x9fssN\xd3@@,>\xa7\xa2YWs|@\
\xbe\xf7\x9d\x85e:\xa0\xc3\xcew_@k6d\xc8\
\x18yc\xc4EG\xd6<Rk\xbc\xe2>\xaa\xfd\x95\
\xcf>j{\xa3M\xaa\xff\xa7w1\x92\xf2;\xe7>\
C\xdb\xb6\xd4\x18I\xba\xd7\xd5Z\xdfq-\xe1\xfa\xef\
\x81\xc1U\xa5>t\xfa\xe7\x5c\x90\x05x\xa0\x9b)\xbf\
\x81\x93\xb0  \x8b\xcc\xf7H\xd2\xa5\x85\xb6F\xb4x\
ay\xa0\x90M\xb6\xbb&\x8e\x19N\x22\x85(Z'\
\xf7\x92W\x0a\x96\xa6)J\xf8\x9d\xbeK\xad&V9\
NgJ\x04\xf9i\x97\x16\xed\x0a\x97\xde\x11E\x12W\
\xed\xd9T\x09\xc7g{s\xe6\x11\x86GkG\x9f.\
Z)4_\xf7|\xc6\x7f{\x14\xc0\x5c\xce\x80+\xda\
\x1a\xa1r\xd8\x0f\xaa\xfa\xbcXy\xf1p\xbaC\xf9\x07\
!a\x8e\x89\xddP%\x0c\x94P_\x80,\xe9\xa4T\
E\xd0\xd6\xa4\x86R\xba\xed\xa0\xe9\x984\xed\x90\x102\
\x09E\xfc@\xd6>Z%;+\xd1\x9b\xf7\xa0\xf3\xf4\
;\xdc\xf8\xe7\x08\xf6\xa5C\xe7\x8cK\xed\xf0\x82\x9e:\
l5\xbe{\xf0\xbc\x94@I\xaa\x85Z4`n0\
\xbc\x11Q\x22\x94\xd8P\xb4\x1c\xcf\xeafL\x04\xf6d\
,SU\x1aZ(\x12~!\xa8e%\x8f\xc8z\xc1\
\x93S\xbf\xbb\xa7\xf1A\x0f\x1cZ!\x97\x22\xa9s\x7f\
\xa05\x1f\x1f\x9b\x0f\xc0}\xb6g\x05\xcbm\x00Q\xd6\
U\xe2\xd5\xa9\xc2:}\xdae\x81V\x98\x83\xe3\xd7\xa5\
\xa8)\xf7\xcah\x16\x1fOc\xbc\x80s\xd6\x12\x95\xc2\
/I\x8d\xd0\xa5\xea|\x9a#iQ#W\xba\x1b]\
-gY((9p\xca\x14\xfc\xe3\xdc\xab\x87\x8ee\
\xf9\xc5J\x82\x90\x9c\x03\x873\x0c\xb2dG\x02\xa9$\
\xd5_W\x05Is\xd7\xb8\x04e\xa2-?eT\xe2\
\x8c\x9fia&eb:\xdd\xbe\x1e\xe2\xf7\xb7f;\
\x9cWMR~(!\x1a\x88~F\x10\xd7\xe0-0\
O\x82\xe5g\xeaA\xf5\xe7e\xd2\x8c\xef\xfb\x1dao\
\xee\xa2\xa3j\x13\x92\x18tv\x13r~@\xf4\x91R\
\x9b2$\xc7B\xe7r7}\x05\x0d\x91\xe9D\xa9L\
z:A\x8a\xdc\x0dqF\xf4\xbfz\x88\xc5\xf1\x7f\x0c\
'\xe4\xca\xdf>\x0e\x5c*\x92aA.S\x14\xed\xdf\
\x99dl\x1fw|!\xedy\x01a)$R\x09\x16\
}6*0\xae\x0c\x95\xae\xbd\x5cL\xc6X\x193\x9c\
\x1dF\xb8\x04\xcd5\xc1\x86\xa3|\x14\x15\xfa\xf4\xa4U\
5\x9c\xbfHH\x99\xab=L\x80\xdf\xd3-\xe9y\x8d\
\x90,\x1f\x0c\xf1\xe1\x92\xa0\xb3\xa5\x81\xd7g\xab;\x9c\
0\xf1$\xce\xda\xf9([\xd4H\xcf\x99\x22\xeeQ\x06\
@\x8f\x80\xf7cn\xebT\xe7\x1e\x10\x80\x0dd,(\
{\xed\xac$l\xbc\xeb\xefR\x1a\xe9\x10n\xd0z\x8e\
B>\xfb\xd9\xa4\x1c\x85\x08b\xc3\xac\x17Y6\x0f\xc9\
G\xf4\xd4]h\xdd\xbcT\x83\x92\x9f\xe2\xd6\x1f\x15\x1b\
\xddQ\xcb.\xe3\xc5\xcdx\xa2\xe0c+\x8e\xd0_G\
*\x95_\x0f3Xtw\xd0\xc1,\x14d\x11\x99\xe3\
\xe7\xaa\xb2\xb8\x03g\xb1\x07\x0f\xf2\xe7o\xf6\x95\x15\xe9\
+\xbc*V\x0e-`)\xe0\xf5;a\x0a\x9f\x10\x94\
\x5c\xa4\x9d`\xe8\x5c\x5c!\xfe\x96\xcc/\xcf\xf4I\xba\
\xfc\x04\xec\xfc\xd7\xe4g@E\xe0l\xd4\xa2\xcc\xd2\xba\
L\xec\x87\x84\xd2\x0d\xbb\xd1m\x11\xba\xce\xb9Y\xca\xdf\
0fRR\xeaE7\xd4U\x80\xd6\x15\xe9\x03\xbcE\
|\xa5<\x12\xdc P\x0a\xc7\xd6Y\xea\xd0\x90\xad\xb4\
i\xda,\x87/\x07$H\x11\x93\x93\x0f>\xe7&\xb0\
\x99>,\x9d\xb00\x82,\xf2u_\x1e\xfd\x1eCH\
\xb8[\xd14Q\x9d\xa0\xc3\xcc\x1ec\x9a\xf0$\x96\x00\
\xb0\xcc\xe0\xb4\xd7&b\x1a\x98\xbd\xe9\x02\xbe2l\xed\
\x22\x13<\xf72\xd8\xe4\x1d5\x8e\xf1\x5c57d\xb5\
\xea9\x1al\xc4\xdb\x86\xdfI\xaf+;\xa0\xceU.\
\xad~\x01\xb5\xba\xda=\xbb\xf3\x85\x8a\xf5\x17\x15\xe3D\
r\xed\xba\x00)\x91k}\xca\x89\xa5\xe1\xc9\xdf\x85\x06\
V\xacrq\x02\xf5\xf2\xd23iw\x96$\xe1\xdeh\
Mf\xf02\xea\xea\x95F\xf7\xdb.K\x17{d\xc3\
\xd4\x9d\x9bs\xc3\xdb@\xf4]\xeb\xbb1\xdd\xb0t\x9d\
r\xfb4\xa7?K\xdeT\x07\xbd\x14(\x5co [\
\xef\xa8\xd6-995\x90\x1f||\xf4\x04\x96\x12V\
\xd5b\x1e\x01\x5c\x16\x9d\x8e$\x18\x16[\x03\xdc4\xb7\
\xaaL\xc4\x03\xff\xe7\xea\xe0}p\x81\xdd\x12\x9c\xfaR\
\xa5`Ok\xea7r|\xdbkh\x84\xb2<5\xee\
\x86\x1a\xe9n\x5c\x14\xf9\xfa\xc7:Lv\x03\x13HJ\
E\x92\x0c!\xbeW\xda\x94\xe4s\x90\xcf\x18\x5cu+\
\x7f\xee^\x97\x0a\xa1\xb0\xc7\xcf.\x93@+%\xa1\xcd\
R;\x01k6\x8c\x90\xcfCtf\xf5\x82%C\xdb\
4\xe3\xf0\x7f\x86\xa4MtK\xa9\x1b\x1a\x8aU\x07\xac\
X\x97JFd\x0b\xd8\xe3\x83\xfa\xf7]'\xf1\xa2\x09\
[I\xd8'a\xd7\xac/\xec\xa9a\x19\x95W}'\
V&\xc7V9~~\xadHk\xb2F\x90\xbc\x81\xa9\
\x95B\x0b7:9w\x99\xa7i\xf8\xcd\x02\x83\xe9\x85\
1\xa6\xb1J\xe0\x980\xb6\xe9iN\x84\x13\xf5rF\
\x84\xd0\x83\xf3B\x1c\xd6s\xbc\x05\xc7Za\xa9\x8dh\
\x13\xf1>\x85Z\x163\xd9\x0d\xef\xeb\xc4\xb0\xb4IH\
bQ\x0e\xcd\x0a\xe0\x87MH\xa3\x85&-\x8fi\xdc\
W\xa4\xf1\xa8\xf6\xe8\xfb\x10`\xf4\x80\xba\x89}5l\
\xb2\x030\xbd*H\xf3=5\x8b\xdfI7\xca\x8bZ\
X\xd0\xe3\x05nx\x15\xb7\xda\x13\x0c\xcdS:\xea\xbe\
\x06\x01\xb4\xf84_\xa7w#\xba\x81\xc6_\xe7Y/\
j\x03'F\x92\xac]f\xa2\x08\x05.\xa1\x09iF\
\x157l\xe0E\x04-\x5cf%4EhK\x013\
\x91\x03^`\xf4\xc0\xf1E\x9f\xd4\x22\xbfJ\xcc%\x9b\
No\x87\xa83\xc1[\x9a%\x96\xa1\xd8\xd5\xe9\xb4\xd5\
\xe3f\xe2r\x8c\xb4\xd9\xae\xb0P\x98B\x10\xc1\xc5\xe8\
UF\xff1^\xd5\xa0\xf5\x18]\xe8\xb9\xd2]\xd7,\
\x80*@\x05(\xf0\xba\xa6\xc2\x91\xff\xac\x96\xf4g>\
!\x92!\xbcu\xbe\x8a\xc6d32\xc4jlyV\
\xa1\x10.>\x80\x11\xb7wB\x08\xf1\x9d\xd64I8\
W\xab*E\x14\xa6)\xa7^x\xb2\xf9\xbc\xbe\x88?\
@S\xeb\x0fA`A\x86\xd9^\xfc\x80H\x94}\xf9\
6\xc9\xf9\xb5:\x00Bq\x22(\x8b\xb3\x05(l\x13\
>\xbd\x8e\xbcB\xa3w\xfe\x90\xa8\xe5\xa1\x1b\x80\x8bT\
\x90\xb8\x99\xbe\xfb]C\x90\xc6B\xf5`hy\x9f\x7f\
\xecq\x98\xc1Gfa\x14\x8d\x89\xe6Kx1\xc5\xbe\
@\xafF\xbbZn\xbb\xf4t\xa2\xf14k\x0ciw\
\x85\xd5\x19G`\xa6&\xf78\x86\x1c7v\xd4\xc3@\
\xb5\xfcb\x8a\xe4\x17\xb8j\x05\xcc?\x85\x9e<\x83'\
\x11\xa5i\xa2\x1e\xd8\xd2\x88D\xee\xe3Y\x84]\xf9\xbc\
\x87\x1e/A\x84\x1b^<3\xe6C\xa2\xc0\x0a\xc3j\
\xa2&v\x88\x02u\x0b\x8d\xb7\x98\xfb\x0d\xd9\xa3%7\
%\xf4\xeeH\xe0&\x00h\x87,j?!\x07L\x06\
Bq\xc5\x09D C6\x0a\xcf-\x97\x83\xb3\xf0\x8b\
@\x15\xa8\x94\x84\xec\xa2\xdc%\xf5v\x97\x8d\xb2\xa9\x09\
Ko]\x95\x07_\xd2\x1e\xe4=c\x87\xba\xc0g\xe5\
\xa20>\x9b\xe8p\xd7(\xca\x0an\x9f\x0d\xf6\x88?\
\x15\xc2\xd7\xa7%( yZ\xf7\xc13\x12\xdaJ1\
^\x1c\x04\xa6\xad\xcd\xf5x\x96\x8d\xae\xdb\x97:Tx\
j\xceS\x8b\x05\xbe\x14\x1ei\xc0p{<\xc0p\xc1\
\x1aD\xa0\xf9\x07y\xc2\xf4*\xa4\xc8\xca\xecC\xc5\x0b\
\x15\x8fU\xab\xecB\x15\xbe\x11\xd8\x0eJ\xed\x04\x19\xd6\
\xad\xa1\xdf\xb3\xbch3\x88\xbe\xdchO\x94\x80\xa2\xa9\
\x0b\xd0\x09\x1dV<\x89\x95\xb9M\xceg\xb2\x1fQ\x9d\
\x8bR\x89-\xa3n\xd02\xbb\x18\x1b\x98\x8c\xba\xa8!\
WD\xc9\x03\xd0]\xa8\xe61\x8e\xed\x8aG>j\xe4\
\x22``\xc1\x8d\xc9E\x02Fb4y\xde\x0b\xd07\
\x167\xa6p\xe6\xf0\x09gD\x8f:\xc4\x0a\x8d\xce\xee\
\x1b\x9b\x8a$t-^\xaa0\x8b\x81\xce\xc8t\x9f\xf4\
\xb3\xfa\x9c\xa5\x18\x9c\x19\x15**\x0b\xe9{\x12p)\
\xb6\x97{\xef\x8f\xcdT=b\xe8\xde\xaa\xda~E!\
\x9a \xa6{\xb8\xa2\xb0+\xb5\xe8[\x0b\x0a\xd20L\
\x14~\xc2\xbe\x81$\xab\xe0\x0c<\xa6\xce\x00\x8a'\xb4\
\x9d+\xab\xa5&\xa9j`O\xc5:\xd2.\xcb\x9ac\
\x0c\x16N9\x97\x13TU\xd8\x02thN_,\x85\
\x02ue\x17\x13lf\xd7\xe3\x1c\xe3\x0f\x01\x89\xe6N\
\xffM\x9e\x07\xc4\xfe\xa8\xd3fFHpd\x7f\xcf\x90\
Ia(\x03\x0b\x83\xcb\xcf\x1b\xce\xf5K\x9d\xfeK\x1a\
\x85\xa6\xd0\x98D\xc7<\xf2[\x8e\xfc\x8cU\x83\xfe\xf4\
?\xed(\xfb\x88)\x87<\xa5\xde[\x22~\x02\xa7w\
\xdaU\xc456b\xd3\x9e\xfc\xa5\xe5\x1bB?G%\
i\xe3\xc42\x80_\xc4s\xc2\x07\xab\xf5{0\xd2\xfd\
\x18q\x0f\xbe\xaa\x1b7j\x1e\x8br\x19\xd3\x03\x17\xc1\
\xbd\x01\xfe\x1a\x5c\xf0\xdd\xa9\x0147#H\x85\xceL\
oPP9\xe9\xc7(\xd9E\xfb\x88\x0d\xdf$\x8a\x88\
\xba\xf0\x15\x01\xc7\xf8\x98=$\x5c\xc5\x80\xd9\x09\xd7\x1c\
\xe4\x85\x87\xc48\xf4h\x12%\x99\xc7\xa5\xef\xc1~\x01\
\xa5\x0d\x08t\xe39\xc0\x82\x87\xc4tkC\x83\x85\xc2\
\xa3R\xfb]-\xaa\xf0\x9d\xf2\xc6\x12\xb3A\x8b\xc8\x94\
\xec\xb9.\xdcT\x10\xd8\x05\xc5\x5c\xd4\xe4s\xa1\xb9\xfe\
\xa0\xb1W\x0b\x9c\x9eX\x986L\x04P\xf1\xa0\x81Z\
\x0a$\x11\x06i\x05\x84$\xb9\x92\xda\xcc8\x9d\xb3{\
\x8c\x99\xa7Gh\x14^\x8bS\x00\x8e\xb9\x06b\xa6\x1e\
\xb5Y\xdb\xf6\x1d!S\xa1\xaaPLW\x9c\xde\xe86\
\xe0c\xf6#\x17\xd4\x1c\x1a_!U\xec\xe0\x14[p\
\x14\xd7\xaf\xcd;\x07\x95\xb8Ux\xdb\xb4\xc4\x18\xbf\xc0\
\xfc?<c\xa4i\xac\x1a\x0a\x84\x8f\xd8\x17\xae\xa6\xd9\
\x8c\x83\xd4\x8avH\xaa\xf4 g\xceg:\xdc\x9e\xb3\
\x00\xba2'\xdd\x9f\xcf\x1c\xaes\xb1\xbe\xb7A\xc88\
\xa9j\x9e^\xf2\x03\xdcP`\x05\xba\x1b\x1c\xb4y\xc0\
\xae\x0f\x9b/e\x81\x16\x91\x19\xf0\xdaI\xc1\x8c\x80b\
d&\xd7o0\xc6\x93\xa4\x07\xea\xf1W\x12\x04 $\
#zU\xcaf\xd5\xa80^q\xe8\xb0l;a\xf3\
C\xb0\xf9U\xd9\x9cX\x83K\x9d\xbd`xN\x9c\xfc\
\xcb\xc8\x9e\xde]I\xa2\x0b\xad\xd5\x12z\x18\x9aY^\
\xc6pj\xe5k\x94B\xa7VG\xa3\x00\x03\x0fa\xf6\
{F\x92\xc5\xc7b+1x\x8f\xd9\x15a\xb3a\x93\
B\xd6\x01\x90\xe0p\xcf\xd5\xe9\x90[|<*?\x22\
\x00\xf44\xb2{p\xb2u\xd5\x1a\xcdO\xf8\xfc'1\
\xb7\xee\x8e\xf3\x17\x7f\xb2\x97\x10{7E\x9cj\xd0g\
]!\xce\x9d\x0b\xab\x04!I\xdd9\xdc\xe4\x13\x9dP\
\xfa\x11o?\xea\xbb\x0f\xab\xb8\xee\x13\x18\x1e#\x97p\
!/B\xd8&\xfcE\xd4Pe\xc7Q>\xd6\x06\xa7\
\xfe:S!x\xb1~=@\x08\x99Gn\xdd-\x92\
u\x9e\x9b\xa4\x0e\xbbv>\xed\x87\xc9xZ\x03-5\
\x07)\x9e\xb8K\xea48f}\x9e\xe2\xd9\x13\x80\x88\
\x15\xe5\x04\x82\xb7X\xdf\xc21S@0\xbd\xf8_}\
*hB\xeb\x92\xaev\x8b\xeeM8Jt\xa1Z\xc9\
\xc9\xc9\xa3-\xbdM\xbf_2\xc5qS\xcf\xb1?r\
j\xe9a\xcb\xb4\x09\x80\x98L%\xcc\x94\xfa-\x91\x14\
V\xc4\x0ay\x9b6\xee\x06\x08\x97\x09\x19)Y#\x02\
O;0\xb2\xbd\xdf!\x176_\x83\x098\xb2<\x06\
\x96!x\xdc\xa7\x90=\xe5=\xff\xb2\x81\xd0\x898?\
\xce\x06tj(K\xc1\xc6\x95\x87\x0d\xe6K{F\xba\
/\x19\x9b\xe5\xfd\x1b\xb8\xb8\xbc\xcf%0\xf2[\xf3\x9e\
\x9d?\x97\xd2\x9c6\x9f\x1b\x83TD\xbe\xc2\x99\xa4\x9a\
=\xd1_ye)\xad!\xe4\x05a\xb3v\x82mE\
\x9f0\xf9\xce\x11\xd9\xd5\xa4\x87px\xca\xa1\xb6\xa0w\
K\xb7\x95r\xeahA\xf3\x17\xe7\x9b\xb8\xd9,EQ\
\xb5\xff\xdcma\xe76\xc7\x5c\x9eOP\xf9\xffL\xbf\
\x98\x15\xb4Vj\xb7!\xc5\xda\xda\xa1w)(z\xe8\
k\xc6\x1a\xb1u\xe8$g7U\xfd\xf6\xb3\x07\x84\x11\
\x1erC\xa5\x07|\xa9\x0f\xce\x8f\x1a\xa5\x92l\x03\xad\
\x12bd\xc5\x10+kV\xe1\x90\x0f^\x8a+\x89\x9c\
z\x22\xe5,\xa7\xb8[ \xd4\xe3ZN \xc8@.\
v\xa1\xd0\xea\x133P\x0d\xc9\xca\xe2\xf9@\x9eo\xa9\
\xd8\x85BI\x18\x05\xbe\x002\x8d\x848a\x91\xfb\xc9\
]\xe6\xea\xdd\x0fsRP=\xaa\x8d\xf1m\xad\xb1\x12\
_'\x96#O\x10\xa6v\xf7\xe4\x9bD\xf5\xd2~?\
w\x15\xe6\xca\x8e\x5c\x88BH\x13d\xf7\xd0\xbe\xbcI\
g[4/\x98H\xbb\xc9m\xe1\xbb\x95T\xdc\x0b \
@\x22\xe4\xe3M\xd1~m p'0\xb8C\xbe\xa8\
S\xb6v\x85\xba+\x979#\x14\x99cJ|$ \
B\x15\x17\x5c\x13<\xc9!\xdeK\xf2[\xa8\xe3G\x16\
\xa6\x84\x00\xd7\x80\x8f\x04\x82k\x85\xa7Jq&\xce;\
V\xa6#+\xd2\x09b\x19\xff\x89\xa3?\x88T\x84\xc5\
\xe0Fr\xeb\xc8\x94\xacG\x1e\x1eKf\xafU\xd0A\
X\xbe\xdd\xd6x\x22SQ\x96\xbb\x06\xb8y:\xae\x87\
\xa4N\x9d\x98\x22\xa5\x87w\x10\xe3 \xa9\xafX9\x0f\
K\xbc\x12\x14t\xd9\x8a\xc7O\x05\xb4\xf5`\xbb\xbaj\
\x8a\xd3B\x89\x01\x80\x04\xa5\xe0\x1d\x15\xbc\x0dI+\xa9\
*\x95\xe9\xca\xb8D\xf0\x9c\x10i\xb6l\xc95\x11X\
\xac\x1e\xd3\x10J\xff\xbc\xf3\xa4\x18\xc1\xd4\xa5+K\xcc\
\x12\xc7&,\xe7\x87\x04D\x1f\xd1D\xf7\xaeLN\x11\
\x0eN\xaa\x5c#m\x98\x81\x1aa\xa3I\x13\xd2\xf1I\
\xfb}#\x1c\xad\x971o\xd88\x8c\x80F\x12LY\
\xef\xe72\xbc\xec\xf4\x82\xd3\xdf\xe67\x19\x10*\x18\x95\
!\xd4\xfe\x08\x1c\x92\x00~\x0d(\xe2\xb1\xd2V\x05'\
\xed\x81\x1a\xfc\x85\x19\x1e\xe0\xfc\xc7\x1a;\x888\xe1\x9e\
v\xf2%i\x86\xdaZ\x13\xd9\x7f\xa2\x1d\xa4\xfe6B\
\xe1w\xdb\xbb+\x83\x94Zh\x04\xa9e;V\x83\x10\
\xaf\xd4\x80\x9d,L8\xd7\x95\xa6\x10\xae\xef\x01j\xd1\
n\xbb\xe3\x97\xe0\x8ce\xc9z:\x06\xf2A7\xb6s\
(D\x22\xab\xf3\xe8\xf0\x1e\x05\xfb\xfb\xb4G3\xebc\
\xd2\x93\x86;\x07\x03\x19\x12w\xbb\x0c*\x83\x94\xbb\xdc\
[\xae\xe7\x0e\xb9\xaanB\x8fgT\x81\x02\x10#q\
kT+\x88[\x93N\x93f\xa0g\xaa\xc9SrI\
h\x12\x0e\x8c\x9c\xf2Q\x88\xd7\xc6*\xd1\xab\x5c;'\
12Hv\x07!\x91L\x0d5}\xfa\xdb\xb5\x9c\x0e\
\x87\xf4\x8bq\xe9\xd7s\xd0\xc9\xd3\x93ht9\x98\x96\
~\xae\xe0h\xd4It\xf6\x9ac\xda\x93=\x97\xe9\x07\
\xeee\xbep\xa9\x14w\xd3\x87\x0cS{\xea#\x0b\xe2\
#;\xd1?3\xa3\x178\xbc\xd9\x13\xa5/\xd3\x0c\x08\
 \x18\x5clH\xe9\xe5\xda\xab\xd9\xba\x1a\xf0=\x86\xd7\
\xed\xf9\x06\xdd\xa7-O\x0f\xd9R\xfb?\x5c=k^\
m\x85\x0d\x19!\xaeKEX\xfe\x8a\x80\x8e\x1a\xa8y\
a\x1d\x02\x8e*\x84rn\x10\x12\xbd@(\xaa\xfdA\
\xea\xe8\x83\xba\xce\x1e$\x00yPF\xf0\xa0qY\xc2\
8IR08&\xd0G\x08\x0b\x10<\xa5\xd0\x08\x06\
\x89\xda\x1f3\xaa]\x84\x22E\x90z\x12\xe8\x19\xcf\x10\
\x81\x0c\x98cT\xb1\x8a\xf8\xca\x0a\xffk\x01@\x08(\
l\xd6$\x91J\x00\x03y0?W\xcd\xd1\x01\xa2\x11\
\xf9|\x13\xf7\xbd\x19\x0b0\x17\x91|T\xeb@\xea&\
;\xb8<|\x02\xb4\x9cX\x7f\xf1\x1d(1\xaeG\x85\
uE\x86\xb0\x80[\x10\xcc\x1b\xed\xe1\xcf\x0aD7\xae\
!\xd4\x15\xc1\x12E\x22}`\xf6&K\xdd)\xdb\x15\
\xbe\x88C\xe5G\xdd\xb6\x8d\x17(#\x96\x08\x96\x92H\
mp\xea\xdcm\xfa\x18\xe1jM\xb92\xb7_\xc2\xbe\
\xa3\xaf\xe4\x15\xc8\xfb\xba\x94\x17\x8b9(\x0c \xde\xbe\
\xca*@\x94\x01 \x5c\xc4\xba\xba\x96H\xdbi9\xa7\
\x92X\x8a\xffv\x84\xa7g!K\xba\xc0\xaac\x14\xbd\
\xa5\x8e\x04\xe59\x82\x06\xcb\x1e\xc9\xdb\x1e\x96h{V\
\x15\xef0\xea\xf2\x8a\xbd\x12\xfa`L!\xcbf;\x88\
;\x9a\xd5-\xb2\xb3'h\xc7\xe3\xd2\x03\xcaDq\xb5\
0\x19\x1c\x1d\x7f\xcb1[\x9d\xa0\xae\xa9\xb8\x17\x853\
\xa4\x91\xaf\x92\x034\x97\xfa\x1e\xe7\x06~\x1e$\x0e\xb7\
p\x93\x16\xf2(x\x7f\x86gS\xe2\xd0\xc1}\xa0#\
\xbaoS'O\x86\x8d\xf4\x9f\x8d\xd4\xea\x89uS\xa7\
=\x88\xee\xd0\xc7\x0d\x0b\x1er\xb0\x81Yq\xe6J\xa3\
\xc0\xbc\xa1\xa6n\xbc\xa8\xe7\x16\xddU\xeb(\x87\x1bf\
cy\x7f,\x05\x9d\xcc\xc4\x9f\x8f\x86\x80E\xd6O\x97\
\xd7PA\xf2\x84\xda\xc2\x9b\x98\xe9\xbcN\x220\x1a\xab\
\xe8D\x14\xb4W\xe3\xfa\xe6\xb7<@'\xc0\xc4`H\
\x0054\xb12)\xad\xb0\x94\x1d4\xa0q\xf2\xd8\xae\
9\xa8\xb9\xd4\xeb\x9d`\x0f\xb7\x81\x9a\x936/K\xc3\
y\xb6?N\xca\x1d\xab\xe3\x87\x8d\x94on\xd2D\x94\
\x90A=\xc8\xa2\xdat\xc8P\xbb]M\xb7)\x8a\xa8\
E8\xf0\x9c\x8d\xf1iuG\xcc\xca\xb6J\xe41!\
\x09sw\xea\xa3$\x1f\x8b\xabA\xd2^\xc7\x04i\x82\
\x85Q\xb1'\xa9\xaa\xa1\xc9G{\x91\xa2]\x02\xe9F\
\xb6\xcd\xb6\x9f\xd0\x8c\xb7\xe6\x9e2-\x0b\xcb\xd2\xe5@\
\x1fqF\xfc@\x04\xa3z8Y{\x08\xd6\x03!\xc4\
\xc8D<\xee\xf4\xc8C\xccMI\x1d\x02\xfb\x10M\xb2\
\x9b\xa1\x93\xe2D\xb4o\xde\x08\x0b\xf2xJTR\xfb\
7\x11w-!;%8\x87u\xe3!\xe8\x0e\xffc\
E\xbf\x1c0X\x8c\x1c!\x1d\x16!\xff\xfb\xcf\xb1\xc9\
\x1b\xf4\xf5\xfb\x93k\x86\xc6K_mk\xdeO\x10\x98\
\x84H\xd0tU\xf9a\xa4u,\x02W+M\x9ai\
\x98R\x86\xe4\xf3\xa1\xd9oUw\xcb3nu\x95\xd2\
\xa9s\x8e\x8b\x84[D\xb9\xe93Q(L\xf3&\xa3\
\xdb\xad0\x11\x15I\x0c n\xe6\xb5o\x9b\xea)\x00\
\x01\xa4\xe2\x88_}q\xacS\xd9p\xdf)\xfao\x22\
\xea\xf43\xf1\xe3\xb6\xe1\xa4*':\xdd\xcd1h\x81\
=\xdb\xefS\x16\x98\xe0;\xeb\x1c\xd9\xec\x86\x80\xbc\x91\
\x18\x08\xaf]\xb6\x03\x0a\x14T\xcf\xb1\x027\xeeoG\
9\xc0J}\x1f \xa1\x1c\x1fJ\xc1\xa0>88,\
\x11\xbf\xe3\x81\xe7G\x05\xaf0\xe4\x0a\xa8M\x11Z\xb7\
\x19(\xce\xcc\x8508\xd8\x94Mg\xad:H\xd4r\
\xf2[0\x22\x91Ia\x161a\x88\xb0\xbe\xa6\xc5|\
d\xa3\x18JE\xde\xf6\x97\xc4\xd5\xdf\xd9\x897\xcc-\
\x88\xe4G\xf3i@\x10\x9b\xc5\x19*:n\x87\xfda\
\x14\x87_*\x05\xf6R\x86\xacE\x03\xf2\xcd\xd4_\xd5\
0\xb9\x98w\x9d\xc8Ki\x8ctF(;\xdduV\
p\xc0\x8b!\x9a$\x95Q\xae\xbe\xe5w\xac6\x94\xd5\
\xb0\x99\xfbfs6\x85\xc2\xabn\x14&V\x90\x01L\
\x06o\x1e\xfa\xb2JF(\xe0\x99\x95\xe06B\x07\x00\
\xba\x1f-\xa6R\x13Z#\x06\x853\x86}N'\xc4\
S\x11\xe5+\x0c!\x99\xc4G\x0f#\xe9\xce\xa3\xd3~\
\xf2\xaa\xcf\x03\x83\xb9\xd9N\x8e+\x018\xc2\x03U\xd2\
r\xa1\xff\xdf\x17\xe7c$\xe1\x1b\x11\x15)\x9b\xbdL\
^\xe9<\xaf@\xf3\x9epR\x9b#\xf0\x1b\x17\x14N\
\xee\xaeG\xf1\xe6\xe5\xe2\xf1\xf2\x95s\x9e\x09X\x5c\xa3\
\xd2m/\xfa\xee\x1a\xef\x03\x95K\x0f\xe8J&\xdb-\
Slv\xf6\xc5\x80\xc8\x9b B6j\x0f\xf8\x1b|\
\xfcJ\xfe\xbf\xc2\x92+\xa5\x03\xe2O\xd9\x0f\xdc\xd4v\
E\x09W^\x93\x99G\x8d&\x8aq\x17\xc5\xd6(~\
WK^VMmLd\x82y\xcb\xf9m\xc85\x07\
z\x81\x142*I\x91(d\x87\xdc\x19\xa8V\x1b/\
\x1a\x0es\xbc-p\xe3\x08\x93\xec<\x7f\xa8j9\xfa\
J\x97H\xbf\x03\x9da\xac7\xc4\xd6\xf5'j\xe2=\
v\x1a\xe8L\x0d5\xb4Az\x17x\x14\x81\xe7I\x88\
\xca\x92$=q\xf1m\x07\x86\xbd\x8e\x13QS\xd5\x9e\
\x03:\xc4\xa9\xf32M\x91*\xa2\x97\xc4 \x0ce@\
\xaa\xc6\xc6\xbch\xf1D\x87/\xb7`:\xb8\xba\x1f\x97\
\x85U\x82-(%<S\x88H\x82OY\xc2\x0cI\
\xf3F%Lm[+\x5c\xc2\xa1\x86\x8dcu\x86\xd5\
\xccm\x0d\xfe\x95u\xcc\xca&=\xd9:\xcb\xca\xdc\xac\
\xf3\x22v\x1d\xcc\xd2\x14\x9a\xa4nQ\xcd\xdf\x9a=\xd5\
\x82Y\x1c\xd9\x0f$LU\x15{\xddr\x0f\xcbS\x93\
4\xdc\xa6\xc5D\xf1>=\xff\x0aQ\xa7\x87{+\x9b\
!\xcc\xc73\xb5L\xc1\xc1\x81\xfc\xc3\xf0\x8d0\xdc\xc8\
\x8d5\x8b\xcc\x94q\xa3\xc0S\xe3/\xe3F\xc0)o\
\xfc&\xa2\x8a|ii7\x12\xb8\x88\x0e_\x06\x89=\
\xa2\xd5\x89\xac\xa2#\xe5\xac\xe7\xd8K\x9d\xaf\xad\xa6!\
\x1e\x0e\xe4\x83\x1d\xaf\xf0\xfa\x03\x99\xf3\x89\xc8\xcd\xd5?\
p\xce~\xd8w\x00\x16b\xa5\x9bj\xf4)D\x12\xe5\
\xc5^\x16}-\xff6O\xdb\xa8\xb4tR\xc0\x96\xb2\
\xc90\x88^\x01\x8fF\xc1$^(\xdf\x0f[\xdd\xed\
\x0eA\xcb\x97\xa7\xeb\xf0\xe4c\xc4[\x08\xbf\xf3C\xed\
\xf8\xfe3\x0a\xe1\x85\xe2\xef[\x05I(n\xfd\x22\xef\
9j/\xbdO\xd7\x8e\x07L\xf2\xd0\xb5\xfcK\x1a\x7f\
%\x15!\x9fJ\xa4\xcb\x15\xd3`~\x0f]\xbf\xd4\x8b\
V\x0b>\x0d{\xee\xb9\xbb\x81\x9bP\x9d\xccQ\xces\
\xaa\x96Q\xce,\xf0,#\xde\x96\xf8##V\xa2\xc3\
\xc0\xde\xe9\xd5S\x06\x870\x1c\x95\xd0\xce\xa4^\xa2\x08\
_Ep\x18BJ\x90\xb5<\x92\x16\x06\xc1\xe1\x84D\
\x16\x99\x89E\xeaL\x82=U^k\x03v*\xa7L\
%\x06\xcb\xc2\xe5*J\x94\xcf\xe8\xb0ac\x86i>\
\xed2\xab\x16\xd1\xb1\xb9T\xa3!\xf4\xed.\x14<\x1d\
d\xd2W\xe02 \xfd\xd0P\x07\x09\x9d\xff\xc62\x1c\
_\x181Z\x12\x11\xbd\x14\xdf\xa6\x1b^>\xda\x98\x84\
\xa2\x13\xc8r\x1c\x1f\x18\x87\x0e\xd9\xa2Z\xc8\xbcyT\
\xeb5\xde\x1b\xbb\x12T\xf7\x06\xf3\x14\xe1\xac\x98\x03\xdf\
u\xe8\xaaxo:\xe5\xaa,\x81@\xe1\x9a\x96\xd3F\
A*!P\xc5F~\xbd\xed\x849\x8d\x0b\x8e\xe5\xfa\
G\xffx\xd1\xe8\x82G\xb7\xfa$y\xccV\x82\xd5&\
\xb0?\xcfl\xff\x01!\x86\xf3\xe1\x0djQ p\x8c\
F\x14o \x94(\x19i \xaeo\x1e\xd7D%\x9a\
\xaf\x9eM\xde\xc9P\xaf./\xa9\x02\x0bS&\xb6\x13\
\x06\x09U\x04M\xf3\xc1]\x94XY\xfb,c\xce\x9d\
F_\x02 \x85\x85$\x10f\xd4\xdf\x89\xfa+e\xe9\
\x0dF\xcd\xf1\xc7\xd8 a\x0d\x7f\xb2\x8a[x\x15\xbf\
\xb1\x8b\x98\xd2E\xdfa\xcf\x1ah\x1f\x06p\xc1\x5c\xa2\
$\x8b\x5c\xf2\xe6\xd8(\xd36\xae\xa34\xd4\xe9\xdc\x02\
\x95\x07\xf8\xda\x837\xf7\xaf\x0d3\x8c\x15\xa3\xef\xa1\xe8\
\x068\xf7\xb5\x0f\xb1]5{\x0a\x9932\xadA\xa0\
M\xe2C\xbcCZ\x1f\xf1y\x87\xe2v.FXH\
\xe2\x01\x18\xa3\x10\xee\x1c\xcfL\xc0\xfe\xd8\xd5\x22F\xa0\
\x0f@+;6\xcd\xbd\xff\xd7\xb9\x1f\xc2\xef\x04\x84|\
f\x1dy\xba\xec\xfa\xbc\x13\x06\x05HxJ\xfcG1\
\xa1\xda\xc1\xe2\xe5\xb5-\xd1\xcdbz\xb1\x0al\x88\xcf\
jC8\x05\xff\x7f\x9e\xd1\xf5(\xb0\x83\xdb\xeb\xc4\xde\
\xd3\xc9\xa7.\xa4\xc6\x0b-&|\xaf\x98x22\xaf\
\xae\xcc4\xd69+\xbb\xda\xd5\xe9?\x17\xa3\xbc\xa7n\
C\x81\xaf:^\x93\x8dn\xc2\xd1B\x10 \xfb\x13\xb0\
Y\xea\xa7\xe8:m\xdb\xadN2$\x96\xae/q\x8d\
\x99hhO\xe0\xc4\x1f\x0eO,\xf8\x1cv\xa0\xa7\xc1\
z\x0a|{+w\xe8\xc162\xd1\xdcQt\x8e\xa5\
\xab\xfa&\xfeR<\xf6\xa9\x04>?\x8b\x00\xbfL\xb1\
Fz\x01j\xa1\xa5\x1b\xe9\xe82-:\x87\xb0\x8b]\
_\x05N|nH@\x00\xa5\xab\xea%\xda\x910\x0e\
\xc4\xad\xec\xde\x98\xcdUo!\xf4\xb0\xcaM\x81\xea\x0a\
`\x16\xda\x88\x8fk\xe5\x19I*\x81|6\x05\xcff\
\x15\x996\x89\x00 F \xe0{\x19\xe4\xd9M:\x98\
\x04\xcd\xb5:E\xae`k\xc0\xa3PR\x99\xf2\xc9\x5c\
\x8c\x8a\xfdk4\xbd\xe0\xbd(\xd6\x7fH.\xe4@{\
\xf95^\xe4\x88\x04\xce\xd1\xd5WB\x85,w,\xfe\
:\xac]\x1c)PH%6Nu\xbfH\x97\x1f\xbd\
\x0a\xf5\xd9\xff\x91\xcfW\xac\xfc\x9aJ%\x81\xb7*\xf9\
,\xd8\xed\x8a\xa5[\xc8a\x1f\x0c\xc4G\x14\x91i\xc0\
\xc1\xe8${c\x97'Y\xbb\xc9@\xe2\x92w\xdax\
e8\x0c=\xacd\xe3\xf4\xaae\x17\xcc\x85\xc2\xe0\xe9\
Cf\x8a\xd0}\xfb6\x84\x09\xebG\xe11\xe1\xf6\xd6\
\xa1q\xdcr~/\x8e\xfeD\xdc\x93H\xbaQ\x08\x9e\
\xe8\x96N\xb2_\x1d\x5cj\x89\xb1\x91q\xfa\x93\xc2\xa1\
KzZ\xc7s\xcd\xe5\x0a\xda\xed\xa2$\x97=\x81\x8d\
/\xf8\xeb6\xde\x15\xf5\xe02\xe2\x1f\x00\xc63'\x1f\
2\x11\xc5&RC\xad\xe3\x12\xb8\x0d\xbb\xe0\x89\xbd\x0f\
\xefjZ\x9f\xcf\xec\xaf\x91=Y\x1f\xd3\xf6~/ \
Wx\x88K\xb0'\x12\xf4\x9d\x8dI\x90\x1cM\x03^\
hu-\xac\xb7\x1a \xceZ\x0d5\x99\xbd\xfa\xa9p\
\xb8\xb5\x1e\xf5\xd6\xa9\x8fn=\x99\x9cDt2\xd5\x8d\
\x5c\xae\x91\xeb\xca\xd2\xd4G\x86z\xfaB6s\xc3\xd7\
\x13\xcd\xa6^\x1c\x8b\x9ej\x8d.Z\xaetd\xabb\
Gh\x88hs\xdb\x87\x08}c\xc49}\xca5t\
\x9e#\xa8\xdc\xa5\x00\x0dP\xe9\xc2\xab\x82\x87o\x80R\
\xd5\xd0\xb4\xd0]>\xa6*kLp\x1b]4\xa9_\
\xae#\x1f\xf9\x10\x01\xba\xd3\x99\x13\xdd))\xb1ew\
\xb2\xf8PF\xf2\xe4\xd0\x9f\x8aO\x0e\xce\x01\xeee\x93\
\x1a\x0b!\xec%G\x10\xc8i[\xc4\x958n\xc8[\
\xeeS\x1aC\x96\xa1\xea-\xed\x9f*\x86\xf4\x0agt\
\xb2\xe1Ok\xb7\xd9\x5cS5b 5?\xbbE\x93\
\xa4C\x18/X\xac\x94\xa4\xce\xe8\xb6\x8aL\x93qa\
\x98\xb6\xa6\xbc\xc6\xbelx\xee~\x8b\x9db\x90(\x09\
\x9fw6\x92+\xadF\x8cn\x81\xbd\xf8\xe1\x1dG\x12\
\xcc\xdb\xef*B^R\xd1\xe0\xcc%I\xfa\x06:P\
o\xd2<\xac\x1f\xc6O\x8c\x14\x92\x1a&\xaeh\xbe\x84\
\xa8\x94v!2~ln\x07&\xa7\x8a\x15\x17*\x9f\
\x0fx\xc9\xa8r+\xcf\xa6\x95\x0e\x02|S\xa6\x92\xe4\
E\x1e\xa1u\x92$\x9e\xf7\xd2xVFX7\xfd\xfc\
\x0fh\xfb\x17\xb4~\x14\xfa\x88\xd1\xc7C\x11P\xd1\xfe\
\x09R\xdc\x02!\x8a$\x83\x96\xffC9\x18bP\x0c\
Q\x90k\xec\xbd\xa0\x01\xe2y\x1d\xb4<\x22V\x0b\xc5\
\xb4\x85_J\xd4\x96\xf6\x0a\
\x00\x00\x01$\
<\
svg xmlns=\x22http:\
//www.w3.org/200\
0/svg\x22 width=\x2224\
\x22 height=\x2224\x22 vi\
ewBox=\x220 0 24 24\
\x22 fill=\x22none\x22 st\
roke=\x22#1B1D22\x22 s\
troke-width=\x221.6\
\x22 stroke-linecap\
=\x22round\x22 stroke-\
linejoin=\x22round\x22\
><path d=\x22M12 3 \
2 20h20z\x22/><path\
 d=\x22M12 9v5\x22/><c\
ircle cx=\x2212\x22 cy\
=\x2217\x22 r=\x220.6\x22 fi\
ll=\x22#1B1D22\x22 str\
oke=\x22none\x22/></sv\
g>\x0a\
\x00\x00\x01\x1e\
<\
svg xmlns=\x22http:\
//www.w3.org/200\
0/svg\x22 width=\x2224\
\x22 height=\x2224\x22 vi\
ewBox=\x220 0 24 24\
\x22 fill=\x22none\x22 st\
roke=\x22#1B1D22\x22 s\
troke-width=\x221.6\
\x22 stroke-linecap\
=\x22round\x22 stroke-\
linejoin=\x22round\x22\
><path d=\x22M21 5 \
12 3 3 5v14l9 2 \
9-2z\x22/><path d=\x22\
M3 5h18\x22/><path \
d=\x22M3 5l9 2 9-2\x22\
/><path d=\x22M12 7\
v14\x22/></svg>\x0a\
\x00\x00\x01\x22\
<\
svg xmlns=\x22http:\
//www.w3.org/200\
0/svg\x22 width=\x2224\
\x22 height=\x2224\x22 vi\
ewBox=\x220 0 24 24\
\x22 fill=\x22none\x22 st\
roke=\x22#1B1D22\x22 s\
troke-width=\x221.6\
\x22 stroke-linecap\
=\x22round\x22 stroke-\
linejoin=\x22round\x22\
><path d=\x22M4 5a1\
 1 0 0 1 1-1h6l2\
 2h6a1 1 0 0 1 1\
 1v11a1 1 0 0 1-\
1 1H5a1 1 0 0 1-\
1-1z\x22/><path d=\x22\
M4 9h16\x22/></svg>\
\x0a\
\x00\x00\x00\xf6\
<\
svg xmlns=\x22http:\
//www.w3.org/200\
0/svg\x22 width=\x2224\
\x22 height=\x2224\x22 vi\
ewBox=\x220 0 24 24\
\x22 fill=\x22none\x22 st\
roke=\x22#1B1D22\x22 s\
troke-width=\x221.6\
\x22 stroke-linecap\
=\x22round\x22 stroke-\
linejoin=\x22round\x22\
><circle cx=\x2212\x22\
 cy=\x2212\x22 r=\x229\x22/>\
<path d=\x22m8 8 8 \
8M16 8l-8 8\x22/></\
svg>\x0a\
\x00\x00\x01\x0e\
<\
svg xmlns=\x22http:\
//www.w3.org/200\
0/svg\x22 width=\x2224\
\x22 height=\x2224\x22 vi\
ewBox=\x220 0 24 24\
\x22 fill=\x22none\x22 st\
roke=\x22#1B1D22\x22 s\
troke-width=\x221.6\
\x22 stroke-linecap\
=\x22round\x22 stroke-\
linejoin=\x22round\x22\
><path d=\x22M3 7a1\
 1 0 0 1 1-1h5l2\
 2h8a1 1 0 0 1 1\
 1v9a1 1 0 0 1-1\
 1H4a1 1 0 0 1-1\
-1z\x22/></svg>\x0a\
\x00\x00\x01\x5c\
<\
svg xmlns=\x22http:\
//www.w3.org/200\
0/svg\x22 width=\x2224\
\x22 height=\x2224\x22 vi\
ewBox=\x220 0 24 24\
\x22 fill=\x22none\x22 st\
roke=\x22#1B1D22\x22 s\
troke-width=\x221.6\
\x22 stroke-linecap\
=\x22round\x22 stroke-\
linejoin=\x22round\x22\
><rect x=\x225\x22 y=\x22\
3\x22 width=\x226\x22 hei\
ght=\x2212\x22 rx=\x223\x22 \
transform=\x22rotat\
e(45 8 9)\x22/><pat\
h d=\x22M14 14l5 5\x22\
/><circle cx=\x2218\
.5\x22 cy=\x2218.5\x22 r=\
\x221.2\x22 fill=\x22#1B1\
D22\x22 stroke=\x22non\
e\x22/></svg>\x0a\
\x00\x00\x01\x09\
<\
svg xmlns=\x22http:\
//www.w3.org/200\
0/svg\x22 width=\x2224\
\x22 height=\x2224\x22 vi\
ewBox=\x220 0 24 24\
\x22 fill=\x22none\x22 st\
roke=\x22#1B1D22\x22 s\
troke-width=\x221.6\
\x22 stroke-linecap\
=\x22round\x22 stroke-\
linejoin=\x22round\x22\
><path d=\x22M12 3 \
3 7v10l9 4 9-4V7\
z\x22/><path d=\x22M3 \
7l9 4 9-4\x22/><pat\
h d=\x22M12 11v10\x22/\
></svg>\x0a\
\x00\x00\x01\x06\
<\
svg xmlns=\x22http:\
//www.w3.org/200\
0/svg\x22 width=\x2224\
\x22 height=\x2224\x22 vi\
ewBox=\x220 0 24 24\
\x22 fill=\x22none\x22 st\
roke=\x22#1B1D22\x22 s\
troke-width=\x221.6\
\x22 stroke-linecap\
=\x22round\x22 stroke-\
linejoin=\x22round\x22\
><path d=\x22M7 4v1\
6M7 20l-3-3M7 20\
l3-3\x22/><path d=\x22\
M17 20V4M17 4l-3\
 3M17 4l3 3\x22/></\
svg>\x0a\
\x00\x00\x01\x8c\
<\
svg xmlns=\x22http:\
//www.w3.org/200\
0/svg\x22 width=\x2224\
\x22 height=\x2224\x22 vi\
ewBox=\x220 0 24 24\
\x22 fill=\x22none\x22 st\
roke=\x22#1B1D22\x22 s\
troke-width=\x221.6\
\x22 stroke-linecap\
=\x22round\x22 stroke-\
linejoin=\x22round\x22\
><path d=\x22M8 6h1\
2M8 12h12M8 18h1\
2\x22/><circle cx=\x22\
4\x22 cy=\x226\x22 r=\x221\x22 \
fill=\x22#1B1D22\x22 s\
troke=\x22none\x22/><c\
ircle cx=\x224\x22 cy=\
\x2212\x22 r=\x221\x22 fill=\
\x22#1B1D22\x22 stroke\
=\x22none\x22/><circle\
 cx=\x224\x22 cy=\x2218\x22 \
r=\x221\x22 fill=\x22#1B1\
D22\x22 stroke=\x22non\
e\x22/></svg>\x0a\
\x00\x00\x01)\
<\
svg xmlns=\x22http:\
//www.w3.org/200\
0/svg\x22 width=\x2224\
\x22 height=\x2224\x22 vi\
ewBox=\x220 0 24 24\
\x22 fill=\x22none\x22 st\
roke=\x22#1B1D22\x22 s\
troke-width=\x221.6\
\x22 stroke-linecap\
=\x22round\x22 stroke-\
linejoin=\x22round\x22\
><path d=\x22M4 6a1\
 1 0 0 1 1-1h7l2\
 2h5a1 1 0 0 1 1\
 1v10a1 1 0 0 1-\
1 1H5a1 1 0 0 1-\
1-1z\x22/><path d=\x22\
M8 12h8M8 15h5\x22/\
></svg>\x0a\
"

qt_resource_name = b"\
\x00\x05\
\x00o\xa6S\
\x00i\
\x00c\x00o\x00n\x00s\
\x00\x03\
\x00\x00x<\
\x00q\
\x00m\x00l\
\x00\x08\
\x0aaW'\
\x00i\
\x00c\x00o\x00n\x00.\x00s\x00v\x00g\
\x00\x0b\
\x00\xa4\x1bg\
\x00i\
\x00c\x00o\x00n\x00-\x004\x008\x00.\x00p\x00n\x00g\
\x00\x0b\
\x00\x8a\x1bg\
\x00i\
\x00c\x00o\x00n\x00-\x002\x002\x00.\x00p\x00n\x00g\
\x00\x0c\
\x09\xaf\x95G\
\x00i\
\x00c\x00o\x00n\x00-\x001\x002\x008\x00.\x00p\x00n\x00g\
\x00\x0b\
\x00H\x1bg\
\x00i\
\x00c\x00o\x00n\x00-\x006\x004\x00.\x00p\x00n\x00g\
\x00\x0b\
\x00\xba\x1bg\
\x00i\
\x00c\x00o\x00n\x00-\x003\x002\x00.\x00p\x00n\x00g\
\x00\x0c\
\x08}\x95G\
\x00i\
\x00c\x00o\x00n\x00-\x002\x005\x006\x00.\x00p\x00n\x00g\
\x00\x0b\
\x00\x96\x1bg\
\x00i\
\x00c\x00o\x00n\x00-\x001\x006\x00.\x00p\x00n\x00g\
\x00\x0b\
\x00\x88\x1bg\
\x00i\
\x00c\x00o\x00n\x00-\x002\x004\x00.\x00p\x00n\x00g\
\x00\x08\
\x08\x01Z\x5c\
\x00m\
\x00a\x00i\x00n\x00.\x00q\x00m\x00l\
\x00\x08\
\x00\x9eU\xe7\
\x00r\
\x00i\x00s\x00k\x00.\x00s\x00v\x00g\
\x00\x08\
\x07\x9eT\x07\
\x00p\
\x00a\x00c\x00k\x00.\x00s\x00v\x00g\
\x00\x09\
\x02\xc6\x80\xc7\
\x00f\
\x00i\x00l\x00e\x00s\x00.\x00s\x00v\x00g\
\x00\x0a\
\x09\xb2jG\
\x00c\
\x00a\x00n\x00c\x00e\x00l\x00.\x00s\x00v\x00g\
\x00\x08\
\x06\xc1T\x07\
\x00o\
\x00p\x00e\x00n\x00.\x00s\x00v\x00g\
\x00\x09\
\x05\x88\xb5\xe7\
\x00p\
\x00r\x00o\x00b\x00e\x00.\x00s\x00v\x00g\
\x00\x0a\
\x07\x95\xd0\x07\
\x00u\
\x00n\x00p\x00a\x00c\x00k\x00.\x00s\x00v\x00g\
\x00\x08\
\x06\x97U\x87\
\x00s\
\x00o\x00r\x00t\x00.\x00s\x00v\x00g\
\x00\x08\
\x00\xa7T\xa7\
\x00l\
\x00i\x00s\x00t\x00.\x00s\x00v\x00g\
\x00\x0b\
\x00\xf9\xa1g\
\x00b\
\x00i\x00g\x00f\x00i\x00l\x00e\x00.\x00s\x00v\x00g\
"

qt_resource_struct = b"\
\x00\x00\x00\x00\x00\x02\x00\x00\x00\x0b\x00\x00\x00\x01\
\x00\x00\x00\x00\x00\x00\x00\x00\
\x00\x00\x00\x10\x00\x02\x00\x00\x00\x01\x00\x00\x00\x16\
\x00\x00\x00\x00\x00\x00\x00\x00\
\x00\x00\x00\x88\x00\x00\x00\x00\x00\x01\x00\x00!\xec\
\x00\x00\x01\xa0\x95\x8e\x07 \
\x00\x00\x00\x00\x00\x02\x00\x00\x00\x0a\x00\x00\x00\x0c\
\x00\x00\x00\x00\x00\x00\x00\x00\
\x00\x00\x00\xfa\x00\x00\x00\x00\x00\x01\x00\x00S\x8e\
\x00\x00\x01\xa0\x95\x8e\x07 \
\x00\x00\x00N\x00\x00\x00\x00\x00\x01\x00\x00\x0dZ\
\x00\x00\x01\xa0\x95\x8e\x07 \
\x00\x00\x00\xde\x00\x00\x00\x00\x00\x01\x00\x00QD\
\x00\x00\x01\xa0\x95\x8e\x07 \
\x00\x00\x002\x00\x00\x00\x00\x00\x01\x00\x00\x06\x0a\
\x00\x00\x01\xa0\x95\x8e\x07 \
\x00\x00\x00\xa4\x00\x00\x00\x00\x00\x01\x00\x00*\xb7\
\x00\x00\x01\xa0\x95\x8e\x07 \
\x00\x00\x00\xc0\x00\x00\x00\x00\x00\x01\x00\x00/l\
\x00\x00\x01\xa0\x95\x8e\x07(\
\x00\x00\x00j\x00\x00\x00\x00\x00\x01\x00\x00\x10t\
\x00\x00\x01\xa0\x95\x8e\x07$\
\x00\x00\x00\x1c\x00\x00\x00\x00\x00\x01\x00\x00\x00\x00\
\x00\x00\x01\xa0\x95\x8d\xe7\xdc\
\x00\x00\x01,\x00\x00\x00\x00\x00\x01\x00\x00\x82\x15\
\x00\x00\x01\xa0\x958\x95o\
\x00\x00\x01\xe8\x00\x00\x00\x00\x00\x01\x00\x00\x8b\x08\
\x00\x00\x01\xa0\x958\x8b\xcb\
\x00\x00\x01\xfe\x00\x00\x00\x00\x00\x01\x00\x00\x8c\x98\
\x00\x00\x01\xa0\x958\x94?\
\x00\x00\x01X\x00\x00\x00\x00\x00\x01\x00\x00\x84_\
\x00\x00\x01\xa0\x958\x92\xcf\
\x00\x00\x01\xa0\x00\x00\x00\x00\x00\x01\x00\x00\x87\x91\
\x00\x00\x01\xa0\x958\x90;\
\x00\x00\x01\xd2\x00\x00\x00\x00\x00\x01\x00\x00\x89\xfe\
\x00\x00\x01\xa0\x958\x91\x8f\
\x00\x00\x01\x8a\x00\x00\x00\x00\x00\x01\x00\x00\x86\x7f\
\x00\x00\x01\xa0\x958\x89\x93\
\x00\x00\x01\xb8\x00\x00\x00\x00\x00\x01\x00\x00\x88\xf1\
\x00\x00\x01\xa0\x958\x8b/\
\x00\x00\x01B\x00\x00\x00\x00\x00\x01\x00\x00\x83=\
\x00\x00\x01\xa0\x958\x8d;\
\x00\x00\x01p\x00\x00\x00\x00\x00\x01\x00\x00\x85\x85\
\x00\x00\x01\xa0\x958\x8e\x8f\
\x00\x00\x01\x16\x00\x04\x00\x00\x00\x01\x00\x00W\x18\
\x00\x00\x01\xa0\x95W\x07c\
"

def qInitResources():
    QtCore.qRegisterResourceData(0x03, qt_resource_struct, qt_resource_name, qt_resource_data)

def qCleanupResources():
    QtCore.qUnregisterResourceData(0x03, qt_resource_struct, qt_resource_name, qt_resource_data)

qInitResources()
